num_jobs,ops_per_job,num_machines,instance_id,total_operations,instance_name,makespan,solve_time,status,solver
,,,,,,483,0.19129289998090826,success,GNN
,,,,,,644,0.0792793000000529,success,GNN
,,,,,,458,0.07366130000445992,success,GNN
,,,,,,452,0.0696145000110846,success,GNN
,,,,,,555,0.07008860001224093,success,GNN
,,,,,,442,0.06390569999348372,success,GNN
,,,,,,467,0.06299700000090525,success,GNN
,,,,,,571,0.06311680001090281,success,GNN
,,,,,,647,0.06821979998494498,success,GNN
,,,,,,451,0.06787460000487044,success,GNN
,,,,,,353,0.06874000001698732,success,GNN
,,,,,,586,0.06678930000634864,success,GNN
,,,,,,534,0.065972199983662,success,GNN
,,,,,,497,0.0656734999793116,success,GNN
,,,,,,551,0.06378630001563579,success,GNN
,,,,,,499,0.07195039998623542,success,GNN
,,,,,,597,0.06504769998718984,success,GNN
,,,,,,458,0.060633999994024634,success,GNN
,,,,,,546,0.0616866999771446,success,GNN
,,,,,,436,0.07052189999376424,success,GNN
,,,,,,490,0.06167880000430159,success,GNN
,,,,,,482,0.06590820002020337,success,GNN
,,,,,,515,0.06592519997502677,success,GNN
,,,,,,488,0.06311540000024252,success,GNN
,,,,,,388,0.06184039998333901,success,GNN
,,,,,,410,0.06939869999769144,success,GNN
,,,,,,516,0.06899219998740591,success,GNN
,,,,,,525,0.06962230001226999,success,GNN
,,,,,,429,0.0648698000004515,success,GNN
,,,,,,503,0.06362480000825599,success,GNN
,,,,,,361,0.06069990000105463,success,GNN
,,,,,,373,0.06865540001308545,success,GNN
,,,,,,348,0.06412180000916123,success,GNN
,,,,,,569,0.06551879999460652,success,GNN
,,,,,,425,0.06381700001657009,success,GNN
,,,,,,368,0.0664655999862589,success,GNN
,,,,,,344,0.06277719998615794,success,GNN
,,,,,,420,0.06265080001321621,success,GNN
,,,,,,439,0.06157859999802895,success,GNN
,,,,,,384,0.06422490000841208,success,GNN
,,,,,,349,0.060933200002182275,success,GNN
,,,,,,424,0.07151829998474568,success,GNN
,,,,,,373,0.06823019997682422,success,GNN
,,,,,,351,0.06194590000086464,success,GNN
,,,,,,352,0.059566999989328906,success,GNN
,,,,,,404,0.06561489999876358,success,GNN
,,,,,,498,0.06479120001313277,success,GNN
,,,,,,365,0.06403380000847392,success,GNN
,,,,,,377,0.0663574000063818,success,GNN
,,,,,,440,0.06396269999095239,success,GNN
,,,,,,349,0.06950949999736622,success,GNN
,,,,,,550,0.06770429998869076,success,GNN
,,,,,,517,0.058909600018523633,success,GNN
,,,,,,379,0.06196510000154376,success,GNN
,,,,,,373,0.05947940002079122,success,GNN
,,,,,,405,0.06397389998892322,success,GNN
,,,,,,438,0.0643119000014849,success,GNN
,,,,,,438,0.07299970000167377,success,GNN
,,,,,,299,0.06349120000959374,success,GNN
,,,,,,326,0.05884390001301654,success,GNN
,,,,,,402,0.06101790000684559,success,GNN
,,,,,,370,0.06094229998416267,success,GNN
,,,,,,461,0.05901699999230914,success,GNN
,,,,,,289,0.0636190999939572,success,GNN
,,,,,,451,0.06759929997497238,success,GNN
,,,,,,389,0.06322730000829324,success,GNN
,,,,,,414,0.06613979997928254,success,GNN
,,,,,,340,0.06483809999190271,success,GNN
,,,,,,328,0.0577499000064563,success,GNN
,,,,,,374,0.06376590000581928,success,GNN
,,,,,,442,0.0626582000113558,success,GNN
,,,,,,365,0.06689770001685247,success,GNN
,,,,,,363,0.06550200001220219,success,GNN
,,,,,,297,0.069196299999021,success,GNN
,,,,,,372,0.06970160000491887,success,GNN
,,,,,,363,0.06373200000962242,success,GNN
,,,,,,472,0.06154540000716224,success,GNN
,,,,,,266,0.06604529998730868,success,GNN
,,,,,,320,0.058694299979833886,success,GNN
,,,,,,284,0.05913109998800792,success,GNN
,,,,,,435,0.06465240000397898,success,GNN
,,,,,,376,0.06930120001197793,success,GNN
,,,,,,374,0.06683349999366328,success,GNN
,,,,,,374,0.0650655000063125,success,GNN
,,,,,,425,0.05739930001436733,success,GNN
,,,,,,420,0.0612498999980744,success,GNN
,,,,,,390,0.060324299993226305,success,GNN
,,,,,,443,0.06250489997910336,success,GNN
,,,,,,321,0.06274560000747442,success,GNN
,,,,,,383,0.06969899998512119,success,GNN
,,,,,,932,0.13768689997959882,success,GNN
,,,,,,727,0.12648159998934716,success,GNN
,,,,,,878,0.12223969999467954,success,GNN
,,,,,,949,0.14200479999999516,success,GNN
,,,,,,864,0.14174279998405837,success,GNN
,,,,,,1159,0.12741870002355427,success,GNN
,,,,,,978,0.12768629999482073,success,GNN
,,,,,,1057,0.14019410000764765,success,GNN
,,,,,,1110,0.13125589999253862,success,GNN
,,,,,,928,0.12684540002373978,success,GNN
,,,,,,1071,0.1271517999994103,success,GNN
,,,,,,1043,0.14251929998863488,success,GNN
,,,,,,969,0.1266272999928333,success,GNN
,,,,,,748,0.15835079998942092,success,GNN
,,,,,,1019,0.15999279997777194,success,GNN
,,,,,,936,0.18437470000935718,success,GNN
,,,,,,959,0.1467652999854181,success,GNN
,,,,,,887,0.1399727999814786,success,GNN
,,,,,,1106,0.13668300001882017,success,GNN
,,,,,,856,0.1357352000195533,success,GNN
,,,,,,1104,0.12631629998213612,success,GNN
,,,,,,1258,0.13216759997885674,success,GNN
,,,,,,927,0.13394770000013523,success,GNN
,,,,,,1142,0.13610189998871647,success,GNN
,,,,,,781,0.12395269999979064,success,GNN
,,,,,,970,0.13484140002401546,success,GNN
,,,,,,904,0.12544669999624602,success,GNN
,,,,,,873,0.12899289999040775,success,GNN
,,,,,,957,0.16644229998928495,success,GNN
,,,,,,1175,0.149414000014076,success,GNN
,,,,,,827,0.11885769999935292,success,GNN
,,,,,,772,0.13259449999895878,success,GNN
,,,,,,887,0.13510389998555183,success,GNN
,,,,,,696,0.13493590001598932,success,GNN
,,,,,,989,0.1268835999944713,success,GNN
,,,,,,748,0.12538940002559684,success,GNN
,,,,,,1231,0.135032099991804,success,GNN
,,,,,,702,0.12224470000364818,success,GNN
,,,,,,794,0.12567420001141727,success,GNN
,,,,,,747,0.1352294999815058,success,GNN
,,,,,,848,0.1325545999861788,success,GNN
,,,,,,893,0.1230881999945268,success,GNN
,,,,,,846,0.1300760000012815,success,GNN
,,,,,,769,0.12926529999822378,success,GNN
,,,,,,847,0.13816119998227805,success,GNN
,,,,,,733,0.13532760000089183,success,GNN
,,,,,,871,0.131225799996173,success,GNN
,,,,,,868,0.13488129997858778,success,GNN
,,,,,,795,0.1293199999781791,success,GNN
,,,,,,979,0.12925779999932274,success,GNN
,,,,,,683,0.12381660001119599,success,GNN
,,,,,,649,0.13768280000658706,success,GNN
,,,,,,879,0.1322230999940075,success,GNN
,,,,,,1003,0.12349730002461001,success,GNN
,,,,,,798,0.13390300000901334,success,GNN
,,,,,,684,0.13340409999364056,success,GNN
,,,,,,870,0.13336199999321252,success,GNN
,,,,,,581,0.12519950000569224,success,GNN
,,,,,,932,0.128703799971845,success,GNN
,,,,,,619,0.13710560000617988,success,GNN
,,,,,,570,0.11929080000845715,success,GNN
,,,,,,697,0.12419679999584332,success,GNN
,,,,,,615,0.14670410001417622,success,GNN
,,,,,,703,0.14969630000996403,success,GNN
,,,,,,716,0.12704279998433776,success,GNN
,,,,,,637,0.13163590000476688,success,GNN
,,,,,,733,0.1389093000034336,success,GNN
,,,,,,678,0.1382793000084348,success,GNN
,,,,,,695,0.11848850001115352,success,GNN
,,,,,,703,0.12614330000360496,success,GNN
,,,,,,861,0.13704459997825325,success,GNN
,,,,,,569,0.1635793999885209,success,GNN
,,,,,,759,0.16637469999841414,success,GNN
,,,,,,664,0.15111639999668114,success,GNN
,,,,,,654,0.13913540000794455,success,GNN
,,,,,,785,0.14376659999834374,success,GNN
,,,,,,883,0.1287482000188902,success,GNN
,,,,,,659,0.1475771999976132,success,GNN
,,,,,,592,0.14159780001500621,success,GNN
,,,,,,607,0.13043560000369325,success,GNN
,,,,,,714,0.12654050000128336,success,GNN
,,,,,,757,0.13372030001482926,success,GNN
,,,,,,671,0.12983809999423102,success,GNN
,,,,,,702,0.12780129999737255,success,GNN
,,,,,,728,0.13600009999936447,success,GNN
,,,,,,735,0.12798940000357106,success,GNN
,,,,,,823,0.12752670000190847,success,GNN
,,,,,,635,0.12053730001207441,success,GNN
,,,,,,765,0.1341989999928046,success,GNN
,,,,,,768,0.1307641000021249,success,GNN
,,,,,,1451,0.2064589000074193,success,GNN
,,,,,,1304,0.20120719997794367,success,GNN
,,,,,,1504,0.1972432999755256,success,GNN
,,,,,,1328,0.1978598999849055,success,GNN
,,,,,,1313,0.19412490000831895,success,GNN
,,,,,,1488,0.19329979998292401,success,GNN
,,,,,,1576,0.1983165999990888,success,GNN
,,,,,,1378,0.20212370000081137,success,GNN
,,,,,,1607,0.19337650001398288,success,GNN
,,,,,,1308,0.20290350000141189,success,GNN
,,,,,,1651,0.2202324999962002,success,GNN
,,,,,,2009,0.20192190000670962,success,GNN
,,,,,,1262,0.19160779999219812,success,GNN
,,,,,,1567,0.19219949998660013,success,GNN
,,,,,,1433,0.19362410000758246,success,GNN
,,,,,,1533,0.192143100022804,success,GNN
,,,,,,1664,0.21184400000493042,success,GNN
,,,,,,1538,0.19726980000268668,success,GNN
,,,,,,1473,0.1911240000044927,success,GNN
,,,,,,1286,0.20915310000418685,success,GNN
,,,,,,1542,0.1953401000064332,success,GNN
,,,,,,1512,0.19489479999174364,success,GNN
,,,,,,1571,0.20190569999977015,success,GNN
,,,,,,1563,0.20145550000597723,success,GNN
,,,,,,1278,0.19426879999809898,success,GNN
,,,,,,1208,0.20045740000205114,success,GNN
,,,,,,1529,0.2063544999982696,success,GNN
,,,,,,1237,0.1962751999963075,success,GNN
,,,,,,1540,0.19845160000841133,success,GNN
,,,,,,1672,0.20032949998858385,success,GNN
,,,,,,1303,0.1912307000020519,success,GNN
,,,,,,1225,0.20185360001050867,success,GNN
,,,,,,1036,0.19513539999024943,success,GNN
,,,,,,988,0.1982447000045795,success,GNN
,,,,,,1065,0.21091799999703653,success,GNN
,,,,,,1255,0.19315289999940433,success,GNN
,,,,,,1338,0.19597519998205826,success,GNN
,,,,,,1045,0.19358270001248457,success,GNN
,,,,,,1321,0.2029945999966003,success,GNN
,,,,,,1277,0.21151490000193007,success,GNN
,,,,,,1294,0.19685110001591966,success,GNN
,,,,,,1084,0.208016199991107,success,GNN
,,,,,,1234,0.19188490000669844,success,GNN
,,,,,,1218,0.1906783999875188,success,GNN
,,,,,,1096,0.20403289998648688,success,GNN
,,,,,,1286,0.19516920001478866,success,GNN
,,,,,,1018,0.5113796000077855,success,GNN
,,,,,,1111,0.2918651000072714,success,GNN
,,,,,,974,0.22452800002065487,success,GNN
,,,,,,1133,0.21669840000686236,success,GNN
,,,,,,1123,0.2591433000052348,success,GNN
,,,,,,1341,0.21247130000847392,success,GNN
,,,,,,1026,0.1978811000008136,success,GNN
,,,,,,1253,0.1888600999955088,success,GNN
,,,,,,1353,0.220861200010404,success,GNN
,,,,,,1170,0.19324569997843355,success,GNN
,,,,,,960,0.2086360999965109,success,GNN
,,,,,,1133,0.20368279999820516,success,GNN
,,,,,,1082,0.18919169998844154,success,GNN
,,,,,,1407,0.2048334999999497,success,GNN
,,,,,,911,0.2963573000160977,success,GNN
,,,,,,895,0.2618807000108063,success,GNN
,,,,,,899,0.24705740000354126,success,GNN
,,,,,,909,0.25512719998368993,success,GNN
,,,,,,1036,0.23873989999992773,success,GNN
,,,,,,972,0.23612149999826215,success,GNN
,,,,,,1176,0.22611769998911768,success,GNN
,,,,,,991,0.22811640001600608,success,GNN
,,,,,,913,0.25139609997859225,success,GNN
,,,,,,994,0.2312812999880407,success,GNN
,,,,,,1094,0.19855650002136827,success,GNN
,,,,,,1247,0.202331000007689,success,GNN
,,,,,,915,0.19700899999588728,success,GNN
,,,,,,1129,0.20703960000537336,success,GNN
,,,,,,1090,0.23849270000937395,success,GNN
,,,,,,1012,0.20416039999690838,success,GNN
,,,,,,1100,0.20905440000933595,success,GNN
,,,,,,964,0.1987723000056576,success,GNN
,,,,,,1058,0.20072789999539964,success,GNN
,,,,,,964,0.19986950000748038,success,GNN
,,,,,,828,0.20165339999948628,success,GNN
,,,,,,951,0.19752580000204034,success,GNN
,,,,,,949,0.23928039998281747,success,GNN
,,,,,,966,0.2423045000177808,success,GNN
,,,,,,1021,0.20677789999172091,success,GNN
,,,,,,945,0.20105140001396649,success,GNN
,,,,,,1097,0.19684389999019913,success,GNN
,,,,,,1186,0.20861679999507032,success,GNN
,,,,,,961,0.213183099986054,success,GNN
,,,,,,1128,0.20931770000606775,success,GNN
,,,,,,1673,0.3119369000196457,success,GNN
,,,,,,1833,0.2727475999854505,success,GNN
,,,,,,1989,0.2902481000055559,success,GNN
,,,,,,1567,0.32245430001057684,success,GNN
,,,,,,1821,0.2793369999853894,success,GNN
,,,,,,1753,0.2942536000045948,success,GNN
,,,,,,1895,0.284866800007876,success,GNN
,,,,,,2343,0.2794906999915838,success,GNN
,,,,,,2047,0.2713876999914646,success,GNN
,,,,,,2174,0.31958370000938885,success,GNN
,,,,,,1798,0.2601247999991756,success,GNN
,,,,,,2181,0.2796183000027668,success,GNN
,,,,,,2098,0.27631829999154434,success,GNN
,,,,,,1803,0.29032709999592043,success,GNN
,,,,,,2271,0.28006990000722,success,GNN
,,,,,,1861,0.2754881999862846,success,GNN
,,,,,,2394,0.2969143999798689,success,GNN
,,,,,,1933,0.2683911999920383,success,GNN
,,,,,,2131,0.27705319999950007,success,GNN
,,,,,,1707,0.3054032000072766,success,GNN
,,,,,,2240,0.3278528999944683,success,GNN
,,,,,,2316,0.27163109998218715,success,GNN
,,,,,,1914,0.2654552000167314,success,GNN
,,,,,,1736,0.27378620000672527,success,GNN
,,,,,,1883,0.27783969999291,success,GNN
,,,,,,2087,0.26352890001726337,success,GNN
,,,,,,1942,0.27527220000047237,success,GNN
,,,,,,2030,0.2708824999863282,success,GNN
,,,,,,2077,0.270200200000545,success,GNN
,,,,,,1675,0.2585343000246212,success,GNN
,,,,,,1240,0.26868569999351166,success,GNN
,,,,,,1543,0.27848390000872314,success,GNN
,,,,,,1605,0.26980270000058226,success,GNN
,,,,,,1454,0.2814183000009507,success,GNN
,,,,,,1875,0.2853215000068303,success,GNN
,,,,,,1217,0.26940400002058595,success,GNN
,,,,,,1531,0.280350199987879,success,GNN
,,,,,,1593,0.2730697000224609,success,GNN
,,,,,,1414,0.32196609998936765,success,GNN
,,,,,,1526,0.28505829998175614,success,GNN
,,,,,,1459,0.2789929000136908,success,GNN
,,,,,,1379,0.2747396999911871,success,GNN
,,,,,,1608,0.27373570000054315,success,GNN
,,,,,,1677,0.28266029999940656,success,GNN
,,,,,,1842,0.265577200014377,success,GNN
,,,,,,1337,0.28574660001322627,success,GNN
,,,,,,1456,0.27189519998501055,success,GNN
,,,,,,1309,0.26674479999928735,success,GNN
,,,,,,1642,0.2690363999863621,success,GNN
,,,,,,1672,0.27515140001196414,success,GNN
,,,,,,1530,0.27345140001852997,success,GNN
,,,,,,1732,0.27585579999140464,success,GNN
,,,,,,1499,0.29539400001522154,success,GNN
,,,,,,1504,0.2945045999949798,success,GNN
,,,,,,1514,0.2797110000101384,success,GNN
,,,,,,2014,0.27271260000998154,success,GNN
,,,,,,1507,0.30716280001797713,success,GNN
,,,,,,1365,0.26902539998991415,success,GNN
,,,,,,1568,0.28008160000899807,success,GNN
,,,,,,1493,0.27866399998310953,success,GNN
,,,,,,1271,0.27233169999090023,success,GNN
,,,,,,1417,0.2718110000132583,success,GNN
,,,,,,1379,0.28095429998938926,success,GNN
,,,,,,1515,0.29601150000235066,success,GNN
,,,,,,1253,0.2781080999993719,success,GNN
,,,,,,1346,0.2750143999874126,success,GNN
,,,,,,1358,0.2811942000116687,success,GNN
,,,,,,1333,0.27115789998788387,success,GNN
,,,,,,1196,0.2848387000267394,success,GNN
,,,,,,1335,0.31602130000828765,success,GNN
,,,,,,1348,0.2794935000129044,success,GNN
,,,,,,1573,0.2746904999949038,success,GNN
,,,,,,1465,0.3293868000037037,success,GNN
,,,,,,1226,0.2798842999909539,success,GNN
,,,,,,1252,0.25988980001420714,success,GNN
,,,,,,1529,0.3280449000012595,success,GNN
,,,,,,1593,0.3485863999812864,success,GNN
,,,,,,1588,0.7568190000019968,success,GNN
,,,,,,1270,0.29627609997987747,success,GNN
,,,,,,1460,0.27220799998031,success,GNN
,,,,,,1355,0.2867059000127483,success,GNN
,,,,,,1297,0.2829454999882728,success,GNN
,,,,,,1320,0.30968080001184717,success,GNN
,,,,,,1281,0.2804335999826435,success,GNN
,,,,,,1272,0.27574550002464093,success,GNN
,,,,,,1183,0.29466849999153055,success,GNN
,,,,,,1348,0.2737460999924224,success,GNN
,,,,,,1456,0.2673363999929279,success,GNN
,,,,,,1258,0.30132339999545366,success,GNN
,,,,,,1383,0.2742679000075441,success,GNN
,,,,,,2247,0.35300000000279397,success,GNN
,,,,,,2437,0.3674995999899693,success,GNN
,,,,,,2473,0.33724250001250766,success,GNN
,,,,,,2519,0.3607890000275802,success,GNN
,,,,,,2500,0.3376220999925863,success,GNN
,,,,,,2734,0.3575898000271991,success,GNN
,,,,,,2156,0.3382378999958746,success,GNN
,,,,,,2141,0.3533657999942079,success,GNN
,,,,,,2680,0.33736750000389293,success,GNN
,,,,,,2652,0.35531189999892376,success,GNN
,,,,,,2105,0.3538057999976445,success,GNN
,,,,,,2297,0.34385659999679774,success,GNN
,,,,,,2414,0.34589779999805614,success,GNN
,,,,,,2408,0.4110144999867771,success,GNN
,,,,,,2308,0.4570722999924328,success,GNN
,,,,,,2307,0.3646147999970708,success,GNN
,,,,,,2241,0.3547429000027478,success,GNN
,,,,,,2228,0.36377579998224974,success,GNN
,,,,,,2585,0.35683519998565316,success,GNN
,,,,,,2470,0.3676264999958221,success,GNN
,,,,,,2423,0.3630731000157539,success,GNN
,,,,,,2894,0.35759080000570975,success,GNN
,,,,,,2369,0.34679909999249503,success,GNN
,,,,,,2887,0.35252980000223033,success,GNN
,,,,,,2385,0.3612522000039462,success,GNN
,,,,,,2388,0.34791119999135844,success,GNN
,,,,,,2516,0.33070330001646653,success,GNN
,,,,,,2146,0.336197099997662,success,GNN
,,,,,,2504,0.35355790000176057,success,GNN
,,,,,,2380,0.3492256999888923,success,GNN
,,,,,,2162,0.35806110000703484,success,GNN
,,,,,,2178,0.37193170000682585,success,GNN
,,,,,,2057,0.353000900009647,success,GNN
,,,,,,2061,0.34605250001186505,success,GNN
,,,,,,1893,0.35461889998987317,success,GNN
,,,,,,2185,0.34746930000255816,success,GNN
,,,,,,1890,0.38182969999616034,success,GNN
,,,,,,1961,0.39370479999342933,success,GNN
,,,,,,1778,0.3627944999898318,success,GNN
,,,,,,1878,0.36946099999477156,success,GNN
,,,,,,2024,0.33909359999233857,success,GNN
,,,,,,1948,0.3617528999748174,success,GNN
,,,,,,1990,0.34752660000231117,success,GNN
,,,,,,1725,0.3839589999988675,success,GNN
,,,,,,2030,0.3491437000047881,success,GNN
,,,,,,2028,0.33672230000956915,success,GNN
,,,,,,1946,0.345416700001806,success,GNN
,,,,,,2083,0.3372664999915287,success,GNN
,,,,,,1946,0.3465796000091359,success,GNN
,,,,,,1958,0.34962119997362606,success,GNN
,,,,,,2223,0.5421718000143301,success,GNN
,,,,,,1919,0.3978986000001896,success,GNN
,,,,,,2358,0.377484500000719,success,GNN
,,,,,,2099,0.34796559999813326,success,GNN
,,,,,,1916,0.3518741999869235,success,GNN
,,,,,,1777,0.3590095000108704,success,GNN
,,,,,,1762,0.34774920000927523,success,GNN
,,,,,,1978,0.34696269998676144,success,GNN
,,,,,,1921,0.3516675000137184,success,GNN
,,,,,,1771,0.34969319999800064,success,GNN
,,,,,,1613,0.34506039999541827,success,GNN
,,,,,,1631,0.37066680000862107,success,GNN
,,,,,,1786,0.3416935999994166,success,GNN
,,,,,,1581,0.35639839997747913,success,GNN
,,,,,,1547,0.33631750001222827,success,GNN
,,,,,,1610,0.3545430999947712,success,GNN
,,,,,,1539,0.35458029998699203,success,GNN
,,,,,,1619,0.34094410002580844,success,GNN
,,,,,,1739,0.347056500002509,success,GNN
,,,,,,1527,0.38541749998694286,success,GNN
,,,,,,1444,0.34333560001687147,success,GNN
,,,,,,1777,0.3624287999991793,success,GNN
,,,,,,1724,0.3507499999832362,success,GNN
,,,,,,1794,0.39075940000475384,success,GNN
,,,,,,1670,0.3543124000134412,success,GNN
,,,,,,1492,0.34528700000373647,success,GNN
,,,,,,1807,0.33801669999957085,success,GNN
,,,,,,1593,0.3956633000052534,success,GNN
,,,,,,1749,0.34964460000628605,success,GNN
,,,,,,1704,0.34998289999202825,success,GNN
,,,,,,1648,0.3622384000045713,success,GNN
,,,,,,1652,0.3459664999973029,success,GNN
,,,,,,1538,0.3459285999997519,success,GNN
,,,,,,1952,0.3431050000071991,success,GNN
,,,,,,1761,0.36218039999948815,success,GNN
,,,,,,1487,0.33676000000559725,success,GNN
,,,,,,1567,0.34332509999512695,success,GNN
,,,,,,1670,0.403072399989469,success,GNN
,,,,,,1505,0.3510827000136487,success,GNN
,,,,,,1748,0.3402126999862958,success,GNN
,,,,,,943,0.13728689998970367,success,GNN
,,,,,,757,0.13889520001248457,success,GNN
,,,,,,731,0.12509069999214262,success,GNN
,,,,,,926,0.14452950001577847,success,GNN
,,,,,,863,0.1380547000153456,success,GNN
,,,,,,1022,0.131949300004635,success,GNN
,,,,,,629,0.13298319999012165,success,GNN
,,,,,,705,0.14037670000107028,success,GNN
,,,,,,783,0.13916120000067167,success,GNN
,,,,,,824,0.1365057000075467,success,GNN
,,,,,,848,0.1389840999909211,success,GNN
,,,,,,643,0.14614460000302643,success,GNN
,,,,,,833,0.14170030000968836,success,GNN
,,,,,,818,0.13262829999439418,success,GNN
,,,,,,943,0.13924860002589412,success,GNN
,,,,,,898,0.13761959999101236,success,GNN
,,,,,,975,0.13118039999972098,success,GNN
,,,,,,728,0.13905190001241863,success,GNN
,,,,,,706,0.13430040000821464,success,GNN
,,,,,,842,0.13709210001979955,success,GNN
,,,,,,830,0.14173689999734052,success,GNN
,,,,,,714,0.17336610000347719,success,GNN
,,,,,,671,0.1590219999779947,success,GNN
,,,,,,763,0.16004940000129864,success,GNN
,,,,,,712,0.1423341000045184,success,GNN
,,,,,,886,0.13506689999485388,success,GNN
,,,,,,603,0.13294469998800196,success,GNN
,,,,,,787,0.1414154999947641,success,GNN
,,,,,,718,0.138746100012213,success,GNN
,,,,,,1005,0.14526140000089072,success,GNN
,,,,,,526,0.13935790001414716,success,GNN
,,,,,,592,0.14442570001119748,success,GNN
,,,,,,556,0.1396989999921061,success,GNN
,,,,,,608,0.12795789999654517,success,GNN
,,,,,,589,0.13515800001914613,success,GNN
,,,,,,597,0.15042589997756295,success,GNN
,,,,,,554,0.13418969998019747,success,GNN
,,,,,,627,0.12746609997702762,success,GNN
,,,,,,683,0.1334010999999009,success,GNN
,,,,,,800,0.14520990001619793,success,GNN
,,,,,,613,0.14116139998077415,success,GNN
,,,,,,755,0.14216420002048835,success,GNN
,,,,,,540,0.14525820000562817,success,GNN
,,,,,,750,0.13714050000999123,success,GNN
,,,,,,556,0.15234289999352768,success,GNN
,,,,,,466,0.14300999999977648,success,GNN
,,,,,,642,0.1444953999889549,success,GNN
,,,,,,481,0.13353240001015365,success,GNN
,,,,,,700,0.1307327999966219,success,GNN
,,,,,,567,0.1431991999852471,success,GNN
,,,,,,654,0.1376200999948196,success,GNN
,,,,,,473,0.15955700000631623,success,GNN
,,,,,,566,0.13285190000897273,success,GNN
,,,,,,536,0.1409150999970734,success,GNN
,,,,,,717,0.1316960999974981,success,GNN
,,,,,,643,0.12209159997291863,success,GNN
,,,,,,504,0.14610080001875758,success,GNN
,,,,,,744,0.12759210000513121,success,GNN
,,,,,,859,0.13449660001788288,success,GNN
,,,,,,636,0.129185800004052,success,GNN
,,,,,,381,0.14209939999273047,success,GNN
,,,,,,528,0.1455728999862913,success,GNN
,,,,,,534,0.135379000013927,success,GNN
,,,,,,425,0.12151679999078624,success,GNN
,,,,,,391,0.15025770000647753,success,GNN
,,,,,,514,0.145575500006089,success,GNN
,,,,,,604,0.1338705999951344,success,GNN
,,,,,,498,0.14585950001492165,success,GNN
,,,,,,539,0.13543389999540523,success,GNN
,,,,,,448,0.13696169998729602,success,GNN
,,,,,,380,0.13358610001159832,success,GNN
,,,,,,386,0.1328714000119362,success,GNN
,,,,,,477,0.13584809997701086,success,GNN
,,,,,,484,0.1377754000131972,success,GNN
,,,,,,492,0.13620979999541305,success,GNN
,,,,,,393,0.13751339999726042,success,GNN
,,,,,,494,0.134684799995739,success,GNN
,,,,,,326,0.13626400000066496,success,GNN
,,,,,,550,0.1404837000009138,success,GNN
,,,,,,364,0.1375557999999728,success,GNN
,,,,,,438,0.12587930000154302,success,GNN
,,,,,,390,0.14872090000426397,success,GNN
,,,,,,437,0.14352479999070056,success,GNN
,,,,,,395,0.13592760000028647,success,GNN
,,,,,,426,0.13523580000037327,success,GNN
,,,,,,475,0.13358140000491403,success,GNN
,,,,,,413,0.13635819999035448,success,GNN
,,,,,,407,0.1634941000083927,success,GNN
,,,,,,486,0.1667001000023447,success,GNN
,,,,,,414,0.14798270000028424,success,GNN
,,,,,,1719,0.2742611999856308,success,GNN
,,,,,,1287,0.2861738000065088,success,GNN
,,,,,,1484,0.29122659997665323,success,GNN
,,,,,,1607,0.28474530001403764,success,GNN
,,,,,,1686,0.28883619999396615,success,GNN
,,,,,,1486,0.2824491999926977,success,GNN
,,,,,,1625,0.28127540001878515,success,GNN
,,,,,,1629,0.2746354999835603,success,GNN
,,,,,,1583,0.2765487999713514,success,GNN
,,,,,,1816,0.27852839999832213,success,GNN
,,,,,,1441,0.2868081000051461,success,GNN
,,,,,,1871,0.2700759999861475,success,GNN
,,,,,,1551,0.27868680001120083,success,GNN
,,,,,,1449,0.32519080000929534,success,GNN
,,,,,,1822,0.2820324999920558,success,GNN
,,,,,,1653,0.27716810000129044,success,GNN
,,,,,,1392,0.28175379999447614,success,GNN
,,,,,,1825,0.30232290001004003,success,GNN
,,,,,,1469,0.28006509999977425,success,GNN
,,,,,,2138,0.2834793000074569,success,GNN
,,,,,,1572,0.2757696000044234,success,GNN
,,,,,,1601,0.2799868999863975,success,GNN
,,,,,,1594,0.2790638000005856,success,GNN
,,,,,,2029,0.31089259998407215,success,GNN
,,,,,,1593,0.30488350000814535,success,GNN
,,,,,,1599,0.2685345000063535,success,GNN
,,,,,,1399,0.30497769999783486,success,GNN
,,,,,,1411,0.2909508000011556,success,GNN
,,,,,,1657,0.27336349998950027,success,GNN
,,,,,,2059,0.2889863000018522,success,GNN
,,,,,,1259,0.29300509998574853,success,GNN
,,,,,,1033,0.3114103999978397,success,GNN
,,,,,,1318,0.2924459000059869,success,GNN
,,,,,,1166,0.2918569000030402,success,GNN
,,,,,,934,0.2804331000079401,success,GNN
,,,,,,1068,0.27333440000074916,success,GNN
,,,,,,1106,0.2958725999924354,success,GNN
,,,,,,1291,0.27060679998248816,success,GNN
,,,,,,1057,0.2788738000090234,success,GNN
,,,,,,938,0.2715221999969799,success,GNN
,,,,,,1004,0.2743929999996908,success,GNN
,,,,,,970,0.2827742999943439,success,GNN
,,,,,,992,0.27865019999444485,success,GNN
,,,,,,1126,0.26751239999430254,success,GNN
,,,,,,1068,0.2689266000234056,success,GNN
,,,,,,1148,0.29084569998667575,success,GNN
,,,,,,1261,0.2797022000013385,success,GNN
,,,,,,1138,0.27336819999618456,success,GNN
,,,,,,1499,0.2792670999770053,success,GNN
,,,,,,1117,0.2947524000192061,success,GNN
,,,,,,1426,0.29629870000644587,success,GNN
,,,,,,1331,0.2757932999811601,success,GNN
,,,,,,1167,0.2750100000121165,success,GNN
,,,,,,968,0.2790545000170823,success,GNN
,,,,,,1138,0.2834822000004351,success,GNN
,,,,,,1017,0.26874749999842606,success,GNN
,,,,,,1171,0.2840066999779083,success,GNN
,,,,,,1152,0.28932380001060665,success,GNN
,,,,,,1071,0.27473939998890273,success,GNN
,,,,,,1106,0.2774725000199396,success,GNN
,,,,,,953,0.3037369000085164,success,GNN
,,,,,,732,0.2761113999877125,success,GNN
,,,,,,870,0.2673298000008799,success,GNN
,,,,,,895,0.27271900000050664,success,GNN
,,,,,,790,0.3085246999980882,success,GNN
,,,,,,715,0.2810953000152949,success,GNN
,,,,,,936,0.286535899998853,success,GNN
,,,,,,742,0.26686719999997877,success,GNN
,,,,,,725,0.2748354999930598,success,GNN
,,,,,,834,0.2954965000099037,success,GNN
,,,,,,1031,0.31134049998945557,success,GNN
,,,,,,903,0.3078825999982655,success,GNN
,,,,,,793,0.31668039999203756,success,GNN
,,,,,,791,0.31071399999200366,success,GNN
,,,,,,1013,0.28405259997816756,success,GNN
,,,,,,899,0.287881100026425,success,GNN
,,,,,,890,0.28596579999430105,success,GNN
,,,,,,937,0.2935734000056982,success,GNN
,,,,,,1018,0.2824368999863509,success,GNN
,,,,,,977,0.2855503000027966,success,GNN
,,,,,,1000,0.27433410001685843,success,GNN
,,,,,,764,0.292796299996553,success,GNN
,,,,,,891,0.2774119999958202,success,GNN
,,,,,,823,0.27564649999840185,success,GNN
,,,,,,942,0.2838216000236571,success,GNN
,,,,,,884,0.2789349999802653,success,GNN
,,,,,,844,0.27598910001688637,success,GNN
,,,,,,780,0.27949110002373345,success,GNN
,,,,,,827,0.27760219998890534,success,GNN
,,,,,,843,0.2840796000091359,success,GNN
,,,,,,2435,0.47228409998933785,success,GNN
,,,,,,2435,0.46357560000615194,success,GNN
,,,,,,2430,0.45774809998692945,success,GNN
,,,,,,2892,0.44625639999867417,success,GNN
,,,,,,2707,0.4448661000060383,success,GNN
,,,,,,2235,0.4568938000011258,success,GNN
,,,,,,2408,0.4311844000185374,success,GNN
,,,,,,2536,0.4585838000057265,success,GNN
,,,,,,2593,0.4644450999912806,success,GNN
,,,,,,2926,0.4495734999945853,success,GNN
,,,,,,2236,0.4340780000202358,success,GNN
,,,,,,2671,0.5009231999865733,success,GNN
,,,,,,2138,0.4360932999989018,success,GNN
,,,,,,2154,0.4521387999993749,success,GNN
,,,,,,2391,0.44489020001492463,success,GNN
,,,,,,2047,0.44557099998928607,success,GNN
,,,,,,2800,0.44540670001879334,success,GNN
,,,,,,2366,0.4366450999805238,success,GNN
,,,,,,2854,0.44482459998107515,success,GNN
,,,,,,2499,0.45296480000251904,success,GNN
,,,,,,2526,0.4551826999813784,success,GNN
,,,,,,2478,0.46226120000937954,success,GNN
,,,,,,2552,0.4410462999949232,success,GNN
,,,,,,2455,0.4393327000143472,success,GNN
,,,,,,2611,0.4279847999860067,success,GNN
,,,,,,2526,0.4568786000018008,success,GNN
,,,,,,2280,0.46646850000252016,success,GNN
,,,,,,2391,0.48395540000637993,success,GNN
,,,,,,2507,0.4382952000014484,success,GNN
,,,,,,3015,0.46655089998967014,success,GNN
,,,,,,1437,0.4707732000097167,success,GNN
,,,,,,2066,0.44912330000079237,success,GNN
,,,,,,1426,0.5670185000053607,success,GNN
,,,,,,1815,0.49518200001330115,success,GNN
,,,,,,1827,0.4844329000043217,success,GNN
,,,,,,1672,0.44778640000731684,success,GNN
,,,,,,1703,0.4429301999916788,success,GNN
,,,,,,1677,0.43868590000784025,success,GNN
,,,,,,1659,0.4688839000009466,success,GNN
,,,,,,1593,0.4343712000118103,success,GNN
,,,,,,1422,0.44355349999386817,success,GNN
,,,,,,1674,0.4634801000065636,success,GNN
,,,,,,1822,0.50862499998766,success,GNN
,,,,,,1534,0.46113430001423694,success,GNN
,,,,,,1402,0.453081799991196,success,GNN
,,,,,,1663,0.44379799999296665,success,GNN
,,,,,,1728,0.4508885000250302,success,GNN
,,,,,,1794,0.45885870000347495,success,GNN
,,,,,,1734,0.449365200009197,success,GNN
,,,,,,1502,0.4965563000005204,success,GNN
,,,,,,1720,0.4390191000129562,success,GNN
,,,,,,1606,0.4519391000212636,success,GNN
,,,,,,2299,0.44947639998281375,success,GNN
,,,,,,1426,0.5157039000187069,success,GNN
,,,,,,1946,0.45803529999102466,success,GNN
,,,,,,1577,0.5010193000198342,success,GNN
,,,,,,1534,0.4584220999968238,success,GNN
,,,,,,1738,0.4712359999830369,success,GNN
,,,,,,1711,0.46689829998649657,success,GNN
,,,,,,1721,0.4786974999879021,success,GNN
,,,,,,1390,0.4515837999933865,success,GNN
,,,,,,1475,0.5461571000050753,success,GNN
,,,,,,1198,0.8258131000038702,success,GNN
,,,,,,1149,0.4489144000108354,success,GNN
,,,,,,1329,0.4397585999977309,success,GNN
,,,,,,1292,0.4483419999887701,success,GNN
,,,,,,1288,0.4581672000058461,success,GNN
,,,,,,1130,0.47048600000562146,success,GNN
,,,,,,1379,0.4373699999996461,success,GNN
,,,,,,1198,0.45299249998060986,success,GNN
,,,,,,1239,0.45437789999414235,success,GNN
,,,,,,1274,0.44791749998694286,success,GNN
,,,,,,1246,0.4618185999861453,success,GNN
,,,,,,1233,0.4638539000006858,success,GNN
,,,,,,1242,0.4581263999862131,success,GNN
,,,,,,1183,0.5057658000150695,success,GNN
,,,,,,1406,0.5518478000012692,success,GNN
,,,,,,1215,0.5301161999814212,success,GNN
,,,,,,1035,0.45160450000548735,success,GNN
,,,,,,1157,0.46264010001323186,success,GNN
,,,,,,1310,0.5025033999991138,success,GNN
,,,,,,1111,0.46380060000228696,success,GNN
,,,,,,1280,0.4413727000064682,success,GNN
,,,,,,1451,0.4444528000021819,success,GNN
,,,,,,1120,0.9075974999868777,success,GNN
,,,,,,1168,0.45383630000287667,success,GNN
,,,,,,1273,0.46146069999667816,success,GNN
,,,,,,1025,0.49080709999543615,success,GNN
,,,,,,1607,0.5078085999994073,success,GNN
,,,,,,1239,0.46564799998304807,success,GNN
,,,,,,3225,0.6360306999995373,success,GNN
,,,,,,3239,0.6424147999787237,success,GNN
,,,,,,3042,0.6184191999782342,success,GNN
,,,,,,3234,0.6377649999922141,success,GNN
,,,,,,3106,0.611460200016154,success,GNN
,,,,,,3184,0.6229931999987457,success,GNN
,,,,,,3771,0.6391350000048988,success,GNN
,,,,,,3222,0.6254117999924347,success,GNN
,,,,,,3840,0.6083197999978438,success,GNN
,,,,,,3112,0.6213666000112426,success,GNN
,,,,,,3596,0.6347959999984596,success,GNN
,,,,,,3429,0.6312677999958396,success,GNN
,,,,,,3276,0.6460607000044547,success,GNN
,,,,,,3018,0.6378381999966223,success,GNN
,,,,,,3564,0.6256098999874666,success,GNN
,,,,,,3169,0.6184689000074286,success,GNN
,,,,,,3097,0.6298433000047226,success,GNN
,,,,,,3079,0.6604232999961823,success,GNN
,,,,,,4311,0.8841879999963567,success,GNN
,,,,,,3509,0.6828294000006281,success,GNN
,,,,,,3589,0.6723407999961637,success,GNN
,,,,,,3461,0.6310922999982722,success,GNN
,,,,,,2791,0.6513939999858849,success,GNN
,,,,,,3199,0.6135448999993969,success,GNN
,,,,,,3242,0.6223235999932513,success,GNN
,,,,,,3946,0.6270672999962699,success,GNN
,,,,,,3164,0.6308442000008654,success,GNN
,,,,,,3163,0.626223300001584,success,GNN
,,,,,,3356,0.6383679000136908,success,GNN
,,,,,,3321,0.6411134999943897,success,GNN
,,,,,,2069,0.631320999993477,success,GNN
,,,,,,2190,0.6409586999798194,success,GNN
,,,,,,2417,0.6275145999970846,success,GNN
,,,,,,2061,0.6417322999914177,success,GNN
,,,,,,1963,0.6272992999874987,success,GNN
,,,,,,2472,0.6576205999881495,success,GNN
,,,,,,2110,0.6688015999970958,success,GNN
,,,,,,2469,0.6532953999994788,success,GNN
,,,,,,2094,0.6360089000081643,success,GNN
,,,,,,2543,0.6164241999795195,success,GNN
,,,,,,2371,0.6461393000208773,success,GNN
,,,,,,2525,0.6152497000002768,success,GNN
,,,,,,2099,0.6377502999966964,success,GNN
,,,,,,2138,0.6568417000235058,success,GNN
,,,,,,2955,0.6346675000095274,success,GNN
,,,,,,2154,0.6260439000034239,success,GNN
,,,,,,2624,0.6480331000057049,success,GNN
,,,,,,2135,0.6395374999847263,success,GNN
,,,,,,2097,0.6379025000205729,success,GNN
,,,,,,1998,0.614892499987036,success,GNN
,,,,,,2274,0.6526575000025332,success,GNN
,,,,,,2137,0.6453244999866001,success,GNN
,,,,,,2144,0.6298865000135265,success,GNN
,,,,,,2155,0.632188599993242,success,GNN
,,,,,,2664,0.6162808999943081,success,GNN
,,,,,,2069,0.6347339999920223,success,GNN
,,,,,,2218,0.6298984000168275,success,GNN
,,,,,,2235,0.6169179999851622,success,GNN
,,,,,,2161,0.638075700000627,success,GNN
,,,,,,2702,0.6500593000091612,success,GNN
,,,,,,1533,0.6471399999863934,success,GNN
,,,,,,1573,0.6359235999989323,success,GNN
,,,,,,1767,0.6102753000159282,success,GNN
,,,,,,1543,0.6282819999905769,success,GNN
,,,,,,1885,0.6407364000042435,success,GNN
,,,,,,1793,0.6564693000109401,success,GNN
,,,,,,1716,0.6371481999813113,success,GNN
,,,,,,1716,0.6906309000041801,success,GNN
,,,,,,1652,0.6448572999797761,success,GNN
,,,,,,1732,0.6431496999866795,success,GNN
,,,,,,1594,0.658365400013281,success,GNN
,,,,,,1708,0.6522341999807395,success,GNN
,,,,,,1734,0.6986398000153713,success,GNN
,,,,,,1549,0.6349089000141248,success,GNN
,,,,,,1537,0.6108268999960274,success,GNN
,,,,,,1958,0.6404175999923609,success,GNN
,,,,,,1668,0.6204865000036079,success,GNN
,,,,,,1716,0.6365447000134736,success,GNN
,,,,,,1803,0.6103748999885283,success,GNN
,,,,,,1599,0.6460012000170536,success,GNN
,,,,,,1550,0.6872578999900725,success,GNN
,,,,,,1912,0.6400572000129614,success,GNN
,,,,,,1627,0.6350762999791186,success,GNN
,,,,,,1857,0.6421757000207435,success,GNN
,,,,,,1833,0.6118065000046045,success,GNN
,,,,,,1629,0.6268065999902319,success,GNN
,,,,,,1805,0.6242087999999058,success,GNN
,,,,,,1457,0.6333873999828938,success,GNN
,,,,,,1720,0.6299029999936465,success,GNN
,,,,,,1926,0.6529941000044346,success,GNN
,,,,,,4006,0.8222165000042878,success,GNN
,,,,,,4549,0.7954166000126861,success,GNN
,,,,,,4175,0.841720800002804,success,GNN
,,,,,,3767,0.8066608000081033,success,GNN
,,,,,,3876,0.799176600005012,success,GNN
,,,,,,3862,0.8379961999889929,success,GNN
,,,,,,3902,0.8585641999961808,success,GNN
,,,,,,4134,0.804850999993505,success,GNN
,,,,,,4006,0.817624400020577,success,GNN
,,,,,,4194,0.802630299993325,success,GNN
,,,,,,4125,0.822680399985984,success,GNN
,,,,,,4260,0.8286556999955792,success,GNN
,,,,,,3661,0.8194276999856811,success,GNN
,,,,,,3527,0.8099039000226185,success,GNN
,,,,,,3719,0.8135834999848157,success,GNN
,,,,,,4247,0.8131827999895904,success,GNN
,,,,,,5332,0.8344858999771532,success,GNN
,,,,,,5259,0.9107708999945316,success,GNN
,,,,,,4865,0.8374644000141416,success,GNN
,,,,,,4365,0.8651601999881677,success,GNN
,,,,,,3835,0.8509521000087261,success,GNN
,,,,,,4543,0.834121599997161,success,GNN
,,,,,,4298,0.8161292000149842,success,GNN
,,,,,,4723,0.8321689000003971,success,GNN
,,,,,,4398,0.8576246000011452,success,GNN
,,,,,,3728,0.8545939000032376,success,GNN
,,,,,,3955,0.8585972999862861,success,GNN
,,,,,,3887,0.8346281999838538,success,GNN
,,,,,,4207,0.8081235999998171,success,GNN
,,,,,,3960,0.8158357000211254,success,GNN
,,,,,,2775,0.8618999000173062,success,GNN
,,,,,,2936,0.8198276000039186,success,GNN
,,,,,,2442,0.8352964999794494,success,GNN
,,,,,,2411,0.8163967000145931,success,GNN
,,,,,,3934,0.8419635999889579,success,GNN
,,,,,,2503,0.8487603999965359,success,GNN
,,,,,,2806,0.8243943999987096,success,GNN
,,,,,,2788,0.8319004999939352,success,GNN
,,,,,,2690,0.8102928999869619,success,GNN
,,,,,,2503,0.8352304000000004,success,GNN
,,,,,,2936,0.8091868000046816,success,GNN
,,,,,,2762,0.8237157000112347,success,GNN
,,,,,,2506,0.8232957000145689,success,GNN
,,,,,,2733,0.8041475999925751,success,GNN
,,,,,,2418,0.8474335999926552,success,GNN
,,,,,,2761,0.996998699993128,success,GNN
,,,,,,2998,1.0627714000002015,success,GNN
,,,,,,2673,0.8726027999946382,success,GNN
,,,,,,2893,0.8867649000021629,success,GNN
,,,,,,2874,0.8323262000048999,success,GNN
,,,,,,2538,0.8408634999941569,success,GNN
,,,,,,2859,0.7999323999974877,success,GNN
,,,,,,2986,0.8393244999751914,success,GNN
,,,,,,2969,0.8650274999963585,success,GNN
,,,,,,2828,0.9467268000007607,success,GNN
,,,,,,2777,0.8609619999770075,success,GNN
,,,,,,2752,0.9291731000121217,success,GNN
,,,,,,2484,0.8468908999930136,success,GNN
,,,,,,2495,0.8257602000085171,success,GNN
,,,,,,2983,0.8294631000026129,success,GNN
,,,,,,2045,0.81793839999591,success,GNN
,,,,,,2213,0.8147388999932446,success,GNN
,,,,,,2269,0.812204699992435,success,GNN
,,,,,,2336,0.8627660000056494,success,GNN
,,,,,,2116,0.8233578999934252,success,GNN
,,,,,,2245,0.8292011999874376,success,GNN
,,,,,,1865,0.8424329000117723,success,GNN
,,,,,,2276,0.8684917000064161,success,GNN
,,,,,,2346,0.8339779000089038,success,GNN
,,,,,,2217,0.8076277000072878,success,GNN
,,,,,,1843,0.8798185000196099,success,GNN
,,,,,,2029,0.8225096999958623,success,GNN
,,,,,,2085,0.8333539000013843,success,GNN
,,,,,,2395,0.8044758000178263,success,GNN
,,,,,,1854,0.8343066000088584,success,GNN
,,,,,,2127,0.8220526999793947,success,GNN
,,,,,,2069,0.8171653000172228,success,GNN
,,,,,,1905,0.8464728000108153,success,GNN
,,,,,,2349,0.8493533000000753,success,GNN
,,,,,,1940,1.7260538999980781,success,GNN
,,,,,,2276,2.277307699987432,success,GNN
,,,,,,2215,2.1361546000116505,success,GNN
,,,,,,2152,2.251148800016381,success,GNN
,,,,,,2002,2.3314070000196807,success,GNN
,,,,,,2029,2.1819040999980643,success,GNN
,,,,,,2107,2.125789000012446,success,GNN
,,,,,,2230,2.1361656000080984,success,GNN
,,,,,,2180,2.0925932000100147,success,GNN
,,,,,,1797,2.1240078000118956,success,GNN
,,,,,,2259,2.106352600007085,success,GNN
,,,,,,1389,0.7717216000019107,success,GNN
,,,,,,1568,1.6447255999955814,success,GNN
,,,,,,1387,0.7612993000075221,success,GNN
,,,,,,1500,0.7802881000097841,success,GNN
,,,,,,1413,0.8188716000004206,success,GNN
,,,,,,1640,0.8826154000125825,success,GNN
,,,,,,1437,0.822948599990923,success,GNN
,,,,,,1488,0.9017002000182401,success,GNN
,,,,,,1356,0.9440421999897808,success,GNN
,,,,,,1366,0.9067635000101291,success,GNN
,,,,,,1500,0.9138918000098784,success,GNN
,,,,,,1276,0.8328866999945603,success,GNN
,,,,,,1655,0.7885969000053592,success,GNN
,,,,,,1627,0.759913099987898,success,GNN
,,,,,,1303,0.7459901999973226,success,GNN
,,,,,,1453,0.7555680999939796,success,GNN
,,,,,,1733,0.809008599986555,success,GNN
,,,,,,1389,0.7845658999867737,success,GNN
,,,,,,1261,0.9632710000150837,success,GNN
,,,,,,1521,0.8036995999864303,success,GNN
,,,,,,1641,0.8161435000074562,success,GNN
,,,,,,1593,0.7806376999942586,success,GNN
,,,,,,1453,0.7694834000139963,success,GNN
,,,,,,1133,0.7563369999988936,success,GNN
,,,,,,1601,0.7920961999916472,success,GNN
,,,,,,1797,0.7897498999955133,success,GNN
,,,,,,1365,0.7462929999746848,success,GNN
,,,,,,1318,0.7610131000110414,success,GNN
,,,,,,1449,0.6417322999914177,success,GNN
,,,,,,1478,0.34012199999415316,success,GNN
,,,,,,1024,0.291726799972821,success,GNN
,,,,,,771,0.2988345999910962,success,GNN
,,,,,,1019,0.2996114999987185,success,GNN
,,,,,,995,0.2799220000160858,success,GNN
,,,,,,952,0.30269630000111647,success,GNN
,,,,,,962,0.2866212999797426,success,GNN
,,,,,,1111,0.28378699999302626,success,GNN
,,,,,,919,0.31439460002002306,success,GNN
,,,,,,864,0.27896480000345036,success,GNN
,,,,,,917,0.28221529998700134,success,GNN
,,,,,,964,0.2629030999960378,success,GNN
,,,,,,823,0.294178699987242,success,GNN
,,,,,,830,0.2964537000225391,success,GNN
,,,,,,834,0.2884646999882534,success,GNN
,,,,,,1088,0.27805230001104064,success,GNN
,,,,,,860,0.27824640000471845,success,GNN
,,,,,,843,0.296444400009932,success,GNN
,,,,,,689,0.31138989998726174,success,GNN
,,,,,,950,0.2977771000005305,success,GNN
,,,,,,846,0.2773665999993682,success,GNN
,,,,,,836,0.28232630001730286,success,GNN
,,,,,,1242,0.28271820000372827,success,GNN
,,,,,,959,0.27877509998506866,success,GNN
,,,,,,1019,0.2831051000102889,success,GNN
,,,,,,864,0.2788536000007298,success,GNN
,,,,,,839,0.28092410002136603,success,GNN
,,,,,,1067,0.290768399980152,success,GNN
,,,,,,922,0.29489360001753084,success,GNN
,,,,,,960,0.29398159999982454,success,GNN
,,,,,,1034,0.29030739999143407,success,GNN
,,,,,,624,0.3108961000107229,success,GNN
,,,,,,661,0.28721699997549877,success,GNN
,,,,,,633,0.2941959999734536,success,GNN
,,,,,,639,0.2919372999749612,success,GNN
,,,,,,705,0.27583850000519305,success,GNN
,,,,,,721,0.29122699997969903,success,GNN
,,,,,,760,0.2917557000182569,success,GNN
,,,,,,655,0.2943825999973342,success,GNN
,,,,,,540,0.2788851000077557,success,GNN
,,,,,,705,0.2907544999907259,success,GNN
,,,,,,691,0.3065962999826297,success,GNN
,,,,,,578,0.2852147000085097,success,GNN
,,,,,,621,0.3020150999946054,success,GNN
,,,,,,835,0.2874131000135094,success,GNN
,,,,,,713,0.29580859999987297,success,GNN
,,,,,,728,0.3040765000041574,success,GNN
,,,,,,592,0.2905948999978136,success,GNN
,,,,,,702,0.30145400000037625,success,GNN
,,,,,,650,0.29253539998899214,success,GNN
,,,,,,846,0.29287040000781417,success,GNN
,,,,,,616,0.2884214000077918,success,GNN
,,,,,,643,0.299171299993759,success,GNN
,,,,,,599,0.2781734000018332,success,GNN
,,,,,,807,0.29725709999911487,success,GNN
,,,,,,758,0.2879908000177238,success,GNN
,,,,,,810,0.2935587999818381,success,GNN
,,,,,,558,0.28906690000439994,success,GNN
,,,,,,605,0.2952733999991324,success,GNN
,,,,,,614,0.2721081000054255,success,GNN
,,,,,,924,0.28564359998563305,success,GNN
,,,,,,2890,0.6424552999960724,success,GNN
,,,,,,3122,0.6214986999984831,success,GNN
,,,,,,2958,0.6510902000009082,success,GNN
,,,,,,3343,0.7063139000092633,success,GNN
,,,,,,2817,0.7341746999882162,success,GNN
,,,,,,2933,0.6355396000144538,success,GNN
,,,,,,2604,0.6637857000168879,success,GNN
,,,,,,2908,0.7046802999975625,success,GNN
,,,,,,2951,0.6505712000071071,success,GNN
,,,,,,2818,0.6715684999944642,success,GNN
,,,,,,2949,0.6376964999944903,success,GNN
,,,,,,2661,0.6602646000101231,success,GNN
,,,,,,3138,0.6489071999967564,success,GNN
,,,,,,3095,0.6460503999842331,success,GNN
,,,,,,2647,0.6560190999880433,success,GNN
,,,,,,3274,0.697424099984346,success,GNN
,,,,,,2803,0.6505670000042301,success,GNN
,,,,,,2630,0.6712883000145666,success,GNN
,,,,,,3122,0.6764738000056241,success,GNN
,,,,,,3089,0.6455857999972068,success,GNN
,,,,,,3143,0.6685933999833651,success,GNN
,,,,,,3081,0.6384536999976262,success,GNN
,,,,,,2795,0.6561424999963492,success,GNN
,,,,,,2805,0.6441782000183593,success,GNN
,,,,,,2836,0.631067999987863,success,GNN
,,,,,,2606,0.6525355000048876,success,GNN
,,,,,,2887,0.658945400005905,success,GNN
,,,,,,2782,0.6466449000290595,success,GNN
,,,,,,2971,0.6542814999993425,success,GNN
,,,,,,3149,0.6342069999955129,success,GNN
,,,,,,1537,0.6370138000056613,success,GNN
,,,,,,1924,0.6508433000126388,success,GNN
,,,,,,2034,0.6456637000082992,success,GNN
,,,,,,1686,0.6573580999975093,success,GNN
,,,,,,1693,0.6262103000190109,success,GNN
,,,,,,1953,0.7064087000035215,success,GNN
,,,,,,1992,0.7820491000020411,success,GNN
,,,,,,1675,0.7856836999999359,success,GNN
,,,,,,1727,0.7489801000047009,success,GNN
,,,,,,1573,0.666677700006403,success,GNN
,,,,,,1910,0.6865511999931186,success,GNN
,,,,,,1785,0.6516394999925978,success,GNN
,,,,,,2140,0.6679049000085797,success,GNN
,,,,,,2041,0.6505342000164092,success,GNN
,,,,,,1987,0.6714436000038404,success,GNN
,,,,,,1947,0.6312309000059031,success,GNN
,,,,,,1905,0.6589105000020936,success,GNN
,,,,,,1858,0.6549002999963704,success,GNN
,,,,,,1741,0.7023639999970328,success,GNN
,,,,,,1605,0.6623251000128221,success,GNN
,,,,,,1568,0.6569229000015184,success,GNN
,,,,,,1835,0.6887024999887217,success,GNN
,,,,,,2068,0.7160778999968898,success,GNN
,,,,,,1732,0.7103927999851294,success,GNN
,,,,,,1997,0.7387571999861393,success,GNN
,,,,,,1600,0.6605852000066079,success,GNN
,,,,,,2286,0.6383851999999024,success,GNN
,,,,,,1694,0.6636143999930937,success,GNN
,,,,,,1544,0.636836099991342,success,GNN
,,,,,,1706,0.6522020999982487,success,GNN
,,,,,,1302,0.642303999979049,success,GNN
,,,,,,1302,0.6417234000109602,success,GNN
,,,,,,1097,0.6685659000067972,success,GNN
,,,,,,1145,0.6819489999907091,success,GNN
,,,,,,1439,0.6593236000044271,success,GNN
,,,,,,1234,0.6668721000023652,success,GNN
,,,,,,1687,0.6654833999928087,success,GNN
,,,,,,1210,0.6600612000038382,success,GNN
,,,,,,1370,0.6588784999912605,success,GNN
,,,,,,1473,0.6477640999946743,success,GNN
,,,,,,1099,0.6787019000039436,success,GNN
,,,,,,1210,0.684512799984077,success,GNN
,,,,,,1158,0.6558634999964852,success,GNN
,,,,,,1034,0.6489004999748431,success,GNN
,,,,,,1166,0.7074159999901894,success,GNN
,,,,,,1309,0.6598436000058427,success,GNN
,,,,,,1317,0.6518367999815382,success,GNN
,,,,,,1081,0.6715708999836352,success,GNN
,,,,,,1529,0.6548031999845989,success,GNN
,,,,,,1215,0.6555775000015274,success,GNN
,,,,,,1612,0.6815023999952246,success,GNN
,,,,,,1130,0.6633944000059273,success,GNN
,,,,,,1049,0.6608700999931898,success,GNN
,,,,,,1065,0.6869752999919001,success,GNN
,,,,,,1134,0.6462521000066772,success,GNN
,,,,,,1065,0.6723867999971844,success,GNN
,,,,,,1229,0.6453706999891438,success,GNN
,,,,,,1326,0.666337000002386,success,GNN
,,,,,,1159,0.672735800006194,success,GNN
,,,,,,1147,0.684798000002047,success,GNN
,,,,,,4473,1.051662200014107,success,GNN
,,,,,,3810,1.0774693000130355,success,GNN
,,,,,,4272,1.1776258000172675,success,GNN
,,,,,,3960,1.1821283999888692,success,GNN
,,,,,,4500,1.119396299996879,success,GNN
,,,,,,4142,1.0989273999875877,success,GNN
,,,,,,4588,1.0561925999936648,success,GNN
,,,,,,4034,1.0893897999776527,success,GNN
,,,,,,4309,1.061546000011731,success,GNN
,,,,,,4576,1.1035571999964304,success,GNN
,,,,,,4031,1.0994383999786805,success,GNN
,,,,,,4190,1.0879775999928825,success,GNN
,,,,,,4672,1.1093194000131916,success,GNN
,,,,,,3744,1.0830220000061672,success,GNN
,,,,,,4287,1.0585978000017349,success,GNN
,,,,,,4086,1.119320300000254,success,GNN
,,,,,,4673,1.0806252000038512,success,GNN
,,,,,,4222,1.062329900014447,success,GNN
,,,,,,4064,1.0849339999840595,success,GNN
,,,,,,4659,1.0690021000045817,success,GNN
,,,,,,4359,1.0566744999960065,success,GNN
,,,,,,4178,1.1166008999862242,success,GNN
,,,,,,3977,1.0829811000148766,success,GNN
,,,,,,4605,1.0740411000151653,success,GNN
,,,,,,4767,1.0604409000079613,success,GNN
,,,,,,4588,1.0484037999995053,success,GNN
,,,,,,4463,1.047102399985306,success,GNN
,,,,,,4112,1.0551510000077542,success,GNN
,,,,,,4335,1.0958541000145487,success,GNN
,,,,,,4505,1.06424799998058,success,GNN
,,,,,,2493,1.0750969999935478,success,GNN
,,,,,,2440,1.0640558000013698,success,GNN
,,,,,,2984,1.1051650999870617,success,GNN
,,,,,,2711,1.122743400017498,success,GNN
,,,,,,2949,1.0393865999940317,success,GNN
,,,,,,2985,1.1197563999739941,success,GNN
,,,,,,2840,1.1177742999861948,success,GNN
,,,,,,2971,1.0945165999874007,success,GNN
,,,,,,2601,1.045229700015625,success,GNN
,,,,,,2931,1.0961318999761716,success,GNN
,,,,,,2812,1.0761622000136413,success,GNN
,,,,,,2849,1.0718707999913022,success,GNN
,,,,,,2539,1.5113694999890868,success,GNN
,,,,,,2887,1.0918899000098463,success,GNN
,,,,,,3013,1.0916055999987293,success,GNN
,,,,,,2515,1.1072428000043146,success,GNN
,,,,,,2687,1.0809638999926392,success,GNN
,,,,,,2541,1.0933668999932706,success,GNN
,,,,,,2712,1.1277947000053246,success,GNN
,,,,,,2981,1.075302700017346,success,GNN
,,,,,,2503,1.0913347999739926,success,GNN
,,,,,,2809,1.0852588000125252,success,GNN
,,,,,,2548,1.051155799999833,success,GNN
,,,,,,2847,1.1017786000156775,success,GNN
,,,,,,3195,1.1190816999878734,success,GNN
,,,,,,2900,1.095068299997365,success,GNN
,,,,,,2943,1.125943000020925,success,GNN
,,,,,,2820,1.136061700002756,success,GNN
,,,,,,2773,1.0821984999929555,success,GNN
,,,,,,2956,1.1435132000187878,success,GNN
,,,,,,2081,1.0970912000047974,success,GNN
,,,,,,1624,1.0635336999839637,success,GNN
,,,,,,1692,1.0679278000025079,success,GNN
,,,,,,1796,1.1040695999981835,success,GNN
,,,,,,1743,1.0993908000236843,success,GNN
,,,,,,1700,1.096471199998632,success,GNN
,,,,,,1615,1.0511196999868844,success,GNN
,,,,,,1843,1.0870915000268724,success,GNN
,,,,,,1652,1.0614246999903116,success,GNN
,,,,,,1948,1.0522932999883778,success,GNN
,,,,,,2077,1.05615210000542,success,GNN
,,,,,,1910,1.0767943000246305,success,GNN
,,,,,,1833,1.1217964999959804,success,GNN
,,,,,,1601,1.0686818999820389,success,GNN
,,,,,,1631,1.111857300013071,success,GNN
,,,,,,1865,1.0915496999805328,success,GNN
,,,,,,1752,1.1000380000041332,success,GNN
,,,,,,1621,1.0864481000171509,success,GNN
,,,,,,1719,1.070538600004511,success,GNN
,,,,,,2068,1.0734495999931823,success,GNN
,,,,,,1776,1.0647493999858852,success,GNN
,,,,,,1568,1.0738453000085428,success,GNN
,,,,,,2049,1.0838078999950085,success,GNN
,,,,,,1707,1.0792544000141788,success,GNN
,,,,,,1610,1.1048733000061475,success,GNN
,,,,,,2047,1.085947200015653,success,GNN
,,,,,,1839,1.1054320999828633,success,GNN
,,,,,,1936,1.1258290999976452,success,GNN
,,,,,,1858,1.113531699986197,success,GNN
,,,,,,1813,1.2654484999948181,success,GNN
,,,,,,6113,1.7425999999977648,success,GNN
,,,,,,5563,1.6191178000008222,success,GNN
,,,,,,5456,1.545646200014744,success,GNN
,,,,,,5678,1.5651735999854282,success,GNN
,,,,,,5327,1.5536807000171393,success,GNN
,,,,,,5922,1.5621856999932788,success,GNN
,,,,,,5789,1.5380783000146039,success,GNN
,,,,,,6173,1.5595177999930456,success,GNN
,,,,,,5827,1.5470586000010371,success,GNN
,,,,,,5532,1.618767799984198,success,GNN
,,,,,,5218,1.577688000019407,success,GNN
,,,,,,5907,1.5607820999866817,success,GNN
,,,,,,5745,1.5187752000056207,success,GNN
,,,,,,5887,1.5436969999864232,success,GNN
,,,,,,5465,1.586932899983367,success,GNN
,,,,,,6096,1.708175100007793,success,GNN
,,,,,,5620,1.5910558000032324,success,GNN
,,,,,,5483,1.6046898999775294,success,GNN
,,,,,,6143,1.658535299997311,success,GNN
,,,,,,6242,1.9202952999912668,success,GNN
,,,,,,6548,1.592362499999581,success,GNN
,,,,,,5822,1.5985151999921072,success,GNN
,,,,,,6417,1.6115190999989863,success,GNN
,,,,,,5699,1.5554436999955215,success,GNN
,,,,,,5832,1.5539720999950077,success,GNN
,,,,,,7018,1.5682349000126123,success,GNN
,,,,,,6527,1.5226096000114921,success,GNN
,,,,,,5598,1.5728653999976814,success,GNN
,,,,,,5962,1.5394046000146773,success,GNN
,,,,,,5944,1.5365673000051174,success,GNN
,,,,,,3800,1.5566954999812879,success,GNN
,,,,,,4121,1.576316599996062,success,GNN
,,,,,,3503,1.5595734000089578,success,GNN
,,,,,,3653,1.6513755999912973,success,GNN
,,,,,,3478,1.581519900006242,success,GNN
,,,,,,3197,1.6770767999987584,success,GNN
,,,,,,3708,1.7679164999863133,success,GNN
,,,,,,3859,1.5638480000197887,success,GNN
,,,,,,3820,1.567958700004965,success,GNN
,,,,,,3649,1.513783800008241,success,GNN
,,,,,,4349,5.049518399988301,success,GNN
,,,,,,3491,4.035034300002735,success,GNN
,,,,,,3670,4.222534200001974,success,GNN
,,,,,,3818,4.025632300006691,success,GNN
,,,,,,3610,4.234275299997535,success,GNN
,,,,,,3769,4.093979199999012,success,GNN
,,,,,,3367,4.083112499996787,success,GNN
,,,,,,3763,4.043325800012099,success,GNN
,,,,,,3234,4.128044299985049,success,GNN
,,,,,,3279,4.389923499984434,success,GNN
,,,,,,3528,4.279706599976635,success,GNN
,,,,,,3068,4.2141615000145976,success,GNN
,,,,,,3356,4.457571200007806,success,GNN
,,,,,,3476,4.074302199995145,success,GNN
,,,,,,3283,5.05172090002452,success,GNN
,,,,,,3466,4.101180499972543,success,GNN
,,,,,,3682,4.027998199977446,success,GNN
,,,,,,4198,3.978043799987063,success,GNN
,,,,,,3931,4.004689000023063,success,GNN
,,,,,,3002,4.102033100003609,success,GNN
,,,,,,2242,4.142626000015298,success,GNN
,,,,,,2582,4.00698750000447,success,GNN
,,,,,,2293,3.905103199998848,success,GNN
,,,,,,2403,4.06537749999552,success,GNN
,,,,,,2196,4.084748499997659,success,GNN
,,,,,,2572,3.9565340999979526,success,GNN
,,,,,,2637,4.0090509000001475,success,GNN
,,,,,,2244,4.094210699986434,success,GNN
,,,,,,2700,3.9802268000203185,success,GNN
,,,,,,2684,4.022628199978499,success,GNN
,,,,,,2631,4.0714945000072476,success,GNN
,,,,,,2181,4.010291499987943,success,GNN
,,,,,,2279,3.9559044999768957,success,GNN
,,,,,,2340,4.1242981999821495,success,GNN
,,,,,,2630,4.127126499981387,success,GNN
,,,,,,2125,4.278719900001306,success,GNN
,,,,,,2413,4.129996800009394,success,GNN
,,,,,,2297,4.530706899997313,success,GNN
,,,,,,2538,3.9020692000049166,success,GNN
,,,,,,2250,3.9707395000150427,success,GNN
,,,,,,2535,4.026490599993849,success,GNN
,,,,,,2256,3.979086000006646,success,GNN
,,,,,,2159,4.549076800001785,success,GNN
,,,,,,2522,4.1549486000149045,success,GNN
,,,,,,2370,4.045389100007014,success,GNN
,,,,,,2524,4.00519450000138,success,GNN
,,,,,,2514,3.94042040000204,success,GNN
,,,,,,2391,3.936324100010097,success,GNN
,,,,,,2557,4.0295691000064835,success,GNN
,,,,,,2839,4.081409500009613,success,GNN
,,,,,,7445,5.687933699984569,success,GNN
,,,,,,7568,5.297147200006293,success,GNN
,,,,,,7828,5.40353939999477,success,GNN
,,,,,,7520,5.313942099979613,success,GNN
,,,,,,7027,5.397690999991028,success,GNN
,,,,,,7771,5.439461500005564,success,GNN
,,,,,,7257,5.362368500005687,success,GNN
,,,,,,7348,6.30058119999012,success,GNN
,,,,,,6984,5.352194600010989,success,GNN
,,,,,,7499,5.441897100012284,success,GNN
,,,,,,6899,5.3953408999950625,success,GNN
,,,,,,8124,5.310577899974305,success,GNN
,,,,,,6886,5.425842500000726,success,GNN
,,,,,,7357,5.613919100025669,success,GNN
,,,,,,7505,5.401738300017314,success,GNN
,,,,,,7021,5.502930899994681,success,GNN
,,,,,,7098,5.729028700006893,success,GNN
,,,,,,7258,5.308424999995623,success,GNN
,,,,,,6962,5.305394199996954,success,GNN
,,,,,,7422,5.2413743999786675,success,GNN
,,,,,,8044,5.423984599998221,success,GNN
,,,,,,7362,5.294716200005496,success,GNN
,,,,,,7424,5.420447299984517,success,GNN
,,,,,,7411,5.364329400006682,success,GNN
,,,,,,7270,5.491267000004882,success,GNN
,,,,,,7573,6.010769600019557,success,GNN
,,,,,,7143,6.21692730000359,success,GNN
,,,,,,6481,5.515667500003474,success,GNN
,,,,,,6954,5.364994699979434,success,GNN
,,,,,,8249,5.345070499985013,success,GNN
,,,,,,4804,5.362728899985086,success,GNN
,,,,,,4390,2056.6543786999828,success,GNN
,,,,,,4613,4.035460100014461,success,GNN
,,,,,,4194,2.8925398999999743,success,GNN
,,,,,,4326,2.177888999984134,success,GNN
,,,,,,4347,1.6827139999950305,success,GNN
,,,,,,4248,2.1320581000181846,success,GNN
,,,,,,3885,1.7024859000230208,success,GNN
,,,,,,4098,1.597119499987457,success,GNN
,,,,,,4627,1.4600271999952383,success,GNN
,,,,,,4782,1.4103674000070896,success,GNN
,,,,,,4907,1.4248361000209115,success,GNN
,,,,,,5240,1.456343800004106,success,GNN
,,,,,,4944,1.4580362999986392,success,GNN
,,,,,,4365,1.4082112000032794,success,GNN
,,,,,,4594,1.3877271999954246,success,GNN
,,,,,,4992,1.4173838999995496,success,GNN
,,,,,,4109,1.4014256999944337,success,GNN
,,,,,,4736,1.4243182999780402,success,GNN
,,,,,,4109,1.4301961999735795,success,GNN
,,,,,,5003,1.4169860999973025,success,GNN
,,,,,,4859,1.8325195999932475,success,GNN
,,,,,,4191,1.3934131000132766,success,GNN
,,,,,,4436,1.4135481000121217,success,GNN
,,,,,,4023,1.387326900003245,success,GNN
,,,,,,4435,1.3961635000014212,success,GNN
,,,,,,5043,1.4065264000091702,success,GNN
,,,,,,4560,1.4002598999941256,success,GNN
,,,,,,4988,1.4443464999785647,success,GNN
,,,,,,4437,1.434135800023796,success,GNN
,,,,,,2877,1.3833887000218965,success,GNN
,,,,,,3017,1.3889240999997128,success,GNN
,,,,,,2963,1.4152024000068195,success,GNN
,,,,,,2815,1.4230901999981143,success,GNN
,,,,,,2747,1.4493559999973513,success,GNN
,,,,,,2729,1.4277790999913123,success,GNN
,,,,,,2840,1.415878600004362,success,GNN
,,,,,,3152,1.4444327999954112,success,GNN
,,,,,,2931,1.4493635999970138,success,GNN
,,,,,,3303,1.42457679999643,success,GNN
,,,,,,2864,1.6274147999938577,success,GNN
,,,,,,3075,1.4624363999755587,success,GNN
,,,,,,2814,1.4151493999816012,success,GNN
,,,,,,3005,1.3874311000108719,success,GNN
,,,,,,3622,1.4027396999881603,success,GNN
,,,,,,2796,1.4493113000062294,success,GNN
,,,,,,3106,1.5256403999810573,success,GNN
,,,,,,3180,1.4410570999898482,success,GNN
,,,,,,3433,1.451725000020815,success,GNN
,,,,,,3106,1.441431899991585,success,GNN
,,,,,,3010,1.4265122000069823,success,GNN
,,,,,,2821,1.3909092000103556,success,GNN
,,,,,,2967,1.3918864000006579,success,GNN
,,,,,,3357,1.417165599996224,success,GNN
,,,,,,3208,1.4546572999970522,success,GNN
,,,,,,2912,1.4297974999935832,success,GNN
,,,,,,2901,1.4148005000024568,success,GNN
,,,,,,2676,1.404000000009546,success,GNN
,,,,,,3051,1.4364596999948844,success,GNN
,,,,,,3530,1.4074104000173975,success,GNN
,,,,,,2578,0.4679094000020996,success,GNN
,,,,,,2423,0.478842699987581,success,GNN
,,,,,,2471,0.4539688000222668,success,GNN
,,,,,,2875,0.470548899989808,success,GNN
,,,,,,3188,0.48224860001937486,success,GNN
,,,,,,2517,0.47184839998953976,success,GNN
,,,,,,2408,0.45724939997307956,success,GNN
,,,,,,2261,0.5102707000041846,success,GNN
,,,,,,2424,0.453236699977424,success,GNN
,,,,,,2542,0.4508401000057347,success,GNN
,,,,,,2831,0.4781989000039175,success,GNN
,,,,,,2887,0.46721070000785403,success,GNN
,,,,,,2924,0.48042969999369234,success,GNN
,,,,,,2686,0.4547551999858115,success,GNN
,,,,,,2849,0.48010379998595454,success,GNN
,,,,,,2514,0.46524330001557246,success,GNN
,,,,,,2518,0.4745395999925677,success,GNN
,,,,,,2575,0.4529132000170648,success,GNN
,,,,,,2513,0.4586489000066649,success,GNN
,,,,,,2968,0.4566585999855306,success,GNN
,,,,,,2810,0.4489179000083823,success,GNN
,,,,,,2806,0.9326613000012003,success,GNN
,,,,,,2435,0.4590856000140775,success,GNN
,,,,,,2538,0.46913530002348125,success,GNN
,,,,,,2882,0.45880990001023747,success,GNN
,,,,,,2605,0.46066360000986606,success,GNN
,,,,,,2806,0.4563620999979321,success,GNN
,,,,,,2574,0.4902943999913987,success,GNN
,,,,,,3023,0.4724210000131279,success,GNN
,,,,,,2518,0.4522145999944769,success,GNN
,,,,,,1518,0.5186977999983355,success,GNN
,,,,,,1499,0.4594658999994863,success,GNN
,,,,,,1531,0.48611570001230575,success,GNN
,,,,,,1631,0.45409529999597,success,GNN
,,,,,,1756,0.4422282000014093,success,GNN
,,,,,,1678,0.46638729999540374,success,GNN
,,,,,,1413,0.48828460002550855,success,GNN
,,,,,,1487,0.4746160999929998,success,GNN
,,,,,,1504,0.47006699998746626,success,GNN
,,,,,,1430,0.455066899972735,success,GNN
,,,,,,1628,0.44321450000279583,success,GNN
,,,,,,1654,0.44980149998445995,success,GNN
,,,,,,1691,0.4517160999821499,success,GNN
,,,,,,1607,0.46130610001273453,success,GNN
,,,,,,1333,0.46088300002156757,success,GNN
,,,,,,1596,0.5143270999833476,success,GNN
,,,,,,1911,0.4804576999740675,success,GNN
,,,,,,1394,0.4656956000253558,success,GNN
,,,,,,1744,0.4718665999826044,success,GNN
,,,,,,1359,0.48349020001478493,success,GNN
,,,,,,1592,0.48238420000416227,success,GNN
,,,,,,1449,0.47346559999277815,success,GNN
,,,,,,1623,0.4653915999806486,success,GNN
,,,,,,1787,0.4748879999970086,success,GNN
,,,,,,1471,0.47466540001914836,success,GNN
,,,,,,1336,0.46818999998504296,success,GNN
,,,,,,1547,0.476366799994139,success,GNN
,,,,,,1799,0.46335559998988174,success,GNN
,,,,,,1477,0.46285450001596473,success,GNN
,,,,,,1567,0.4738663999887649,success,GNN
,,,,,,993,0.4752904000051785,success,GNN
,,,,,,1104,0.47843139999895357,success,GNN
,,,,,,1120,0.4617352000204846,success,GNN
,,,,,,1232,0.48131490001105703,success,GNN
,,,,,,975,0.47410729998955503,success,GNN
,,,,,,1010,0.4709485999774188,success,GNN
,,,,,,1014,0.46022519998950884,success,GNN
,,,,,,1091,0.47514480000245385,success,GNN
,,,,,,1048,0.4715691000164952,success,GNN
,,,,,,1393,0.4717747000104282,success,GNN
,,,,,,943,0.4682604999979958,success,GNN
,,,,,,1091,0.47225109999999404,success,GNN
,,,,,,1077,0.4658015000168234,success,GNN
,,,,,,1134,0.5013054999872111,success,GNN
,,,,,,1028,0.4666302999830805,success,GNN
,,,,,,1250,0.45746460001100786,success,GNN
,,,,,,1276,0.48227040001074784,success,GNN
,,,,,,867,0.47843719998490997,success,GNN
,,,,,,1087,0.4698727000213694,success,GNN
,,,,,,1008,0.4891240999859292,success,GNN
,,,,,,1017,0.47353789999033324,success,GNN
,,,,,,1061,0.4753648999903817,success,GNN
,,,,,,1077,0.48662539999349974,success,GNN
,,,,,,961,0.45322769999620505,success,GNN
,,,,,,1098,0.47810839998419397,success,GNN
,,,,,,1126,0.4710378000163473,success,GNN
,,,,,,1189,0.4746393999957945,success,GNN
,,,,,,1036,0.4588198999990709,success,GNN
,,,,,,1332,0.49907269998220727,success,GNN
,,,,,,1047,0.468929599999683,success,GNN
,,,,,,5136,1.110608199989656,success,GNN
,,,,,,5131,1.0868526000122074,success,GNN
,,,,,,5205,1.0970482999982778,success,GNN
,,,,,,5459,1.1459390000090934,success,GNN
,,,,,,5775,1.0980678999912925,success,GNN
,,,,,,5007,1.1066248000133783,success,GNN
,,,,,,6204,1.1010560999857262,success,GNN
,,,,,,5073,1.100611600006232,success,GNN
,,,,,,5509,1.28507479999098,success,GNN
,,,,,,5219,1.112870600016322,success,GNN
,,,,,,5378,1.1098262000014074,success,GNN
,,,,,,5191,1.153344599995762,success,GNN
,,,,,,5969,1.133108700014418,success,GNN
,,,,,,5389,1.101671099982923,success,GNN
,,,,,,5405,1.1258573000086471,success,GNN
,,,,,,5329,1.121084200014593,success,GNN
,,,,,,4996,1.0854674000001978,success,GNN
,,,,,,5795,1.0976415000041015,success,GNN
,,,,,,5515,1.0920859999896493,success,GNN
,,,,,,4833,1.175767700013239,success,GNN
,,,,,,5010,1.1097577000036836,success,GNN
,,,,,,5687,1.14058069998282,success,GNN
,,,,,,5337,1.1175665000046138,success,GNN
,,,,,,5790,1.0711551000131294,success,GNN
,,,,,,5418,1.061791699990863,success,GNN
,,,,,,5061,1.1141681000008248,success,GNN
,,,,,,5707,1.1058130000019446,success,GNN
,,,,,,5354,1.0916665999975521,success,GNN
,,,,,,5458,1.1321685999864712,success,GNN
,,,,,,5323,1.1013704999932088,success,GNN
,,,,,,2788,1.0946059999987483,success,GNN
,,,,,,3271,1.0974626000097487,success,GNN
,,,,,,3161,1.076781799987657,success,GNN
,,,,,,3062,1.0855088999960572,success,GNN
,,,,,,3179,1.1120553000073414,success,GNN
,,,,,,2991,1.116359100007685,success,GNN
,,,,,,3358,1.5243370000098366,success,GNN
,,,,,,2982,1.1240636000002269,success,GNN
,,,,,,3308,1.1225062000157777,success,GNN
,,,,,,3067,1.1163173000095412,success,GNN
,,,,,,3123,1.083706200006418,success,GNN
,,,,,,3255,1.092704099981347,success,GNN
,,,,,,3189,1.1260882999922615,success,GNN
,,,,,,3241,1.1556914999964647,success,GNN
,,,,,,3289,1.0881384999956936,success,GNN
,,,,,,3107,1.1092791999981273,success,GNN
,,,,,,2927,1.1259930000232998,success,GNN
,,,,,,3098,1.0996288000023924,success,GNN
,,,,,,2750,1.0744722000090405,success,GNN
,,,,,,2889,1.073986800009152,success,GNN
,,,,,,2843,1.1073824999912176,success,GNN
,,,,,,3070,1.1722907999937888,success,GNN
,,,,,,2940,1.1531592000101227,success,GNN
,,,,,,2845,1.1370127999980468,success,GNN
,,,,,,3150,1.0804712000244763,success,GNN
,,,,,,2741,1.094541800004663,success,GNN
,,,,,,3184,1.0943293999880552,success,GNN
,,,,,,2943,1.091522900009295,success,GNN
,,,,,,3142,1.0882136000145692,success,GNN
,,,,,,3155,1.0855377000116277,success,GNN
,,,,,,1943,1.1275550999853294,success,GNN
,,,,,,1726,1.1443032999814022,success,GNN
,,,,,,2149,1.15378839999903,success,GNN
,,,,,,1713,1.119174399995245,success,GNN
,,,,,,2237,1.1187285000050906,success,GNN
,,,,,,1906,1.119940000004135,success,GNN
,,,,,,1906,1.0922297999786679,success,GNN
,,,,,,1976,1.1044088000198826,success,GNN
,,,,,,1881,1.1023362000123598,success,GNN
,,,,,,2254,1.1453327999915928,success,GNN
,,,,,,1577,1.1330020999885164,success,GNN
,,,,,,1656,1.1565881000133231,success,GNN
,,,,,,2013,1.1209669999952894,success,GNN
,,,,,,1698,1.109149800002342,success,GNN
,,,,,,2047,1.1004648999951314,success,GNN
,,,,,,1812,1.0989713000017218,success,GNN
,,,,,,2021,1.1027545000251848,success,GNN
,,,,,,1978,1.1425356999970973,success,GNN
,,,,,,2347,1.1701958999910858,success,GNN
,,,,,,1742,1.1763956000213511,success,GNN
,,,,,,2128,1.1674699999857694,success,GNN
,,,,,,1825,1.1959619999979623,success,GNN
,,,,,,1893,1.2208096999966074,success,GNN
,,,,,,1998,1.1753657000081148,success,GNN
,,,,,,1816,1.144164900004398,success,GNN
,,,,,,2027,1.1674009999842383,success,GNN
,,,,,,2119,1.1301035999786109,success,GNN
,,,,,,2215,1.1930159000039566,success,GNN
,,,,,,1609,1.1888676999951713,success,GNN
,,,,,,1877,1.2050402000022586,success,GNN
,,,,,,8635,1.9936795000103302,success,GNN
,,,,,,8725,1.959255399997346,success,GNN
,,,,,,8302,1.98477300000377,success,GNN
,,,,,,8448,2.522376399982022,success,GNN
,,,,,,8173,2.2031234999885783,success,GNN
,,,,,,7469,2.105312200001208,success,GNN
,,,,,,7884,2.1259031999798026,success,GNN
,,,,,,7734,2.013411600026302,success,GNN
,,,,,,7869,2.056950500002131,success,GNN
,,,,,,7883,2.0753474999801256,success,GNN
,,,,,,7664,2.0794734000228345,success,GNN
,,,,,,8213,2.0301229000033345,success,GNN
,,,,,,7714,2.090480699989712,success,GNN
,,,,,,7834,2.135338500025682,success,GNN
,,,,,,8528,2.1111869999731425,success,GNN
,,,,,,9046,2.0730924000090454,success,GNN
,,,,,,8212,2.1175135000084992,success,GNN
,,,,,,8526,2.109088700002758,success,GNN
,,,,,,7625,2.187943600001745,success,GNN
,,,,,,8275,2.2006365999986883,success,GNN
,,,,,,7422,2.2061309999844525,success,GNN
,,,,,,7323,2.1753392000100575,success,GNN
,,,,,,8188,2.250466299999971,success,GNN
,,,,,,7887,2.3254971000133082,success,GNN
,,,,,,7704,2.385962100001052,success,GNN
,,,,,,8442,2.517722800024785,success,GNN
,,,,,,8059,2.3994974000088405,success,GNN
,,,,,,8115,2.4008568999997806,success,GNN
,,,,,,7899,2.360605599998962,success,GNN
,,,,,,8088,2.377985200000694,success,GNN
,,,,,,5560,2.323201200022595,success,GNN
,,,,,,4616,2.7888623000180814,success,GNN
,,,,,,4873,2.4521466000005603,success,GNN
,,,,,,4247,2.7194495999719948,success,GNN
,,,,,,4156,2.722835299995495,success,GNN
,,,,,,4489,2.46579990000464,success,GNN
,,,,,,4862,2.412002900004154,success,GNN
,,,,,,4922,2.4172594000119716,success,GNN
,,,,,,4661,2.941075999988243,success,GNN
,,,,,,4437,2.438289799989434,success,GNN
,,,,,,4037,2.4213959999906365,success,GNN
,,,,,,4335,2.3788490000006277,success,GNN
,,,,,,4524,2.451623800006928,success,GNN
,,,,,,4325,2.4344498999998905,success,GNN
,,,,,,4541,2.492640999989817,success,GNN
,,,,,,4570,2.413572400022531,success,GNN
,,,,,,4815,2.3685096000263,success,GNN
,,,,,,5000,2.505271599977277,success,GNN
,,,,,,4790,2.5934885000169743,success,GNN
,,,,,,4551,2.372087099996861,success,GNN
,,,,,,5776,2.469681699993089,success,GNN
,,,,,,5183,2.506424999999581,success,GNN
,,,,,,5143,2.474089000024833,success,GNN
,,,,,,4686,2.429890700004762,success,GNN
,,,,,,5097,2.5050946999981534,success,GNN
,,,,,,5307,2.434432800015202,success,GNN
,,,,,,4039,2.5666789999813773,success,GNN
,,,,,,4546,2.7963105000089854,success,GNN
,,,,,,4847,2.452989199984586,success,GNN
,,,,,,4785,2.4347553999978118,success,GNN
,,,,,,2827,2.389412499993341,success,GNN
,,,,,,2666,2.4021856000181288,success,GNN
,,,,,,3010,2.3873730000050273,success,GNN
,,,,,,2603,2.4298660999920685,success,GNN
,,,,,,3161,2.7224625000089873,success,GNN
,,,,,,2629,2.4444737999874633,success,GNN
,,,,,,2704,2.3584010000049602,success,GNN
,,,,,,2853,2.6034014000033494,success,GNN
,,,,,,3192,2.4509790999873076,success,GNN
,,,,,,3248,2.497191100002965,success,GNN
,,,,,,2886,2.470382100000279,success,GNN
,,,,,,2920,2.383779499999946,success,GNN
,,,,,,3085,2.9031386999995448,success,GNN
,,,,,,3348,2.3607307999918703,success,GNN
,,,,,,2880,2.4665722999779973,success,GNN
,,,,,,2916,2.514030000020284,success,GNN
,,,,,,2863,2.3237439999938942,success,GNN
,,,,,,2770,2.4466816000058316,success,GNN
,,,,,,2608,2.4114236000168603,success,GNN
,,,,,,2792,2.4358291999960784,success,GNN
,,,,,,2938,2.4696460999839474,success,GNN
,,,,,,2832,2.4413292999961413,success,GNN
,,,,,,3260,2.390024899999844,success,GNN
,,,,,,2673,2.4401733000122476,success,GNN
,,,,,,2915,2.4287198999954853,success,GNN
,,,,,,2665,2.3287574000132736,success,GNN
,,,,,,3051,2.419435399991926,success,GNN
,,,,,,2801,2.411367600027006,success,GNN
,,,,,,2797,2.444388899981277,success,GNN
,,,,,,3014,2.3827693000203,success,GNN
,,,,,,10924,3.563904599985108,success,GNN
,,,,,,11692,3.4962040999962483,success,GNN
,,,,,,11578,3.45820090000052,success,GNN
,,,,,,10964,3.442381300003035,success,GNN
,,,,,,10236,3.561030800017761,success,GNN
,,,,,,10536,3.4365542999876197,success,GNN
,,,,,,10970,3.343902900000103,success,GNN
,,,,,,11325,3.476448100002017,success,GNN
,,,,,,10735,3.485340700019151,success,GNN
,,,,,,10672,3.3607834999857005,success,GNN
,,,,,,10628,3.8632110000180546,success,GNN
,,,,,,11472,3.462849699979415,success,GNN
,,,,,,11106,3.479723299999023,success,GNN
,,,,,,11392,3.3240802999935113,success,GNN
,,,,,,10983,3.34338820000994,success,GNN
,,,,,,10356,3.3942673999990802,success,GNN
,,,,,,10812,3.2813889000099152,success,GNN
,,,,,,11160,3.377814199979184,success,GNN
,,,,,,10478,3.381818200025009,success,GNN
,,,,,,10563,3.5553051000169944,success,GNN
,,,,,,10181,3.5109572999936063,success,GNN
,,,,,,11500,3.591045400011353,success,GNN
,,,,,,11472,3.6696951999911107,success,GNN
,,,,,,10780,3.480335500004003,success,GNN
,,,,,,11294,3.617415399989113,success,GNN
,,,,,,11175,3.6035473000083584,success,GNN
,,,,,,10444,3.675742799998261,success,GNN
,,,,,,10696,3.6329733000020497,success,GNN
,,,,,,10831,3.6156490999856032,success,GNN
,,,,,,10192,3.7505938000103924,success,GNN
,,,,,,6622,3.7437654999957886,success,GNN
,,,,,,5953,3.8951882000255864,success,GNN
,,,,,,6598,4.119691400002921,success,GNN
,,,,,,5907,4.973788200004492,success,GNN
,,,,,,7029,4.993067100003827,success,GNN
,,,,,,5991,5.121687999984715,success,GNN
,,,,,,5856,3.564612299989676,success,GNN
,,,,,,6152,3.7546764999860898,success,GNN
,,,,,,6708,3.54675639999914,success,GNN
,,,,,,6225,3.683477700018557,success,GNN
,,,,,,6935,4.0269399999815505,success,GNN
,,,,,,7327,6.6254075000179,success,GNN
,,,,,,6322,4.04993559999275,success,GNN
,,,,,,6506,4.240691599989077,success,GNN
,,,,,,5899,3.743687099980889,success,GNN
,,,,,,6016,3.6896927000198048,success,GNN
,,,,,,6551,3.9701258999994025,success,GNN
,,,,,,6268,3.711307499994291,success,GNN
,,,,,,6568,3.7153034000075422,success,GNN
,,,,,,5842,3.7860486000136007,success,GNN
,,,,,,6755,3.8018735999939963,success,GNN
,,,,,,6040,3.7933104999829084,success,GNN
,,,,,,6388,3.9893738999962807,success,GNN
,,,,,,6238,3.7506031000229996,success,GNN
,,,,,,6909,4.517315800010692,success,GNN
,,,,,,6504,4.13182060001418,success,GNN
,,,,,,6937,3.9120739999925718,success,GNN
,,,,,,6419,3.7961057999928016,success,GNN
,,,,,,6090,3.7665066000190563,success,GNN
,,,,,,6177,3.676754499989329,success,GNN
,,,,,,3730,3.83125149999978,success,GNN
,,,,,,3441,3.6740161000052467,success,GNN
,,,,,,4638,3.6902706999971997,success,GNN
,,,,,,4112,3.625527800002601,success,GNN
,,,,,,4071,3.435261199978413,success,GNN
,,,,,,3747,3.4175625999923795,success,GNN
,,,,,,3890,3.5835354999871925,success,GNN
,,,,,,3660,3.4427593000000343,success,GNN
,,,,,,3778,3.4248664999904577,success,GNN
,,,,,,3621,3.5319144999957643,success,GNN
,,,,,,3604,3.447233100014273,success,GNN
,,,,,,4006,3.8277709999820217,success,GNN
,,,,,,4105,3.399412400001893,success,GNN
,,,,,,4012,3.6231166000070516,success,GNN
,,,,,,3734,3.534793900005752,success,GNN
,,,,,,3733,3.5950187999987975,success,GNN
,,,,,,3769,3.681042999989586,success,GNN
,,,,,,3611,4.276177899999311,success,GNN
,,,,,,3914,3.864551400009077,success,GNN
,,,,,,4460,3.8111093000043184,success,GNN
,,,,,,3709,3.7482787999906577,success,GNN
,,,,,,4468,3.7481258000188973,success,GNN
,,,,,,3799,3.9920476999832317,success,GNN
,,,,,,3645,3.8394829999888316,success,GNN
,,,,,,3442,3.9772153999947477,success,GNN
,,,,,,3939,3.7504367000074126,success,GNN
,,,,,,4118,4.088670299999649,success,GNN
,,,,,,3806,3.7584573999920394,success,GNN
,,,,,,3798,3.7648016000166535,success,GNN
,,,,,,3800,3.821087400021497,success,GNN
,,,,,,14198,5.273590500000864,success,GNN
,,,,,,13537,5.296669599978486,success,GNN
,,,,,,14255,5.380213799973717,success,GNN
,,,,,,14003,5.3082990999973845,success,GNN
,,,,,,13956,5.278991799976211,success,GNN
,,,,,,13530,5.283819300006144,success,GNN
,,,,,,13441,5.817929200013168,success,GNN
,,,,,,13208,5.346938599977875,success,GNN
,,,,,,13765,5.525700600002892,success,GNN
,,,,,,13231,5.38048130000243,success,GNN
,,,,,,14103,5.4005694999941625,success,GNN
,,,,,,14059,5.291994300001534,success,GNN
,,,,,,14148,5.675221600016812,success,GNN
,,,,,,13566,5.561733499984257,success,GNN
,,,,,,14324,5.2775593000114895,success,GNN
,,,,,,13002,5.274593199981609,success,GNN
,,,,,,13237,5.321313500026008,success,GNN
,,,,,,14767,5.325383499992313,success,GNN
,,,,,,13526,5.3667698000208475,success,GNN
,,,,,,13618,5.461194400006207,success,GNN
,,,,,,13927,5.4719764000037685,success,GNN
,,,,,,14734,5.157706400001189,success,GNN
,,,,,,14097,6.083428199985065,success,GNN
,,,,,,13159,6.078931700001704,success,GNN
,,,,,,14356,5.441796600003727,success,GNN
,,,,,,13901,5.2270087999932,success,GNN
,,,,,,13074,5.2976502000237815,success,GNN
,,,,,,13065,5.294109199981904,success,GNN
,,,,,,13220,5.516448800015496,success,GNN
,,,,,,14017,5.387545200006571,success,GNN
,,,,,,7405,5.5071776999975555,success,GNN
,,,,,,8012,6.243141399987508,success,GNN
,,,,,,8173,6.0938817000132985,success,GNN
,,,,,,8595,10.318741299997782,success,GNN
,,,,,,7876,7.755672400002368,success,GNN
,,,,,,7711,8.727746499993373,success,GNN
,,,,,,8414,7.442872799991164,success,GNN
,,,,,,7846,8.547229299991159,success,GNN
,,,,,,7852,8.699653499992564,success,GNN
,,,,,,8169,6.570707600010792,success,GNN
,,,,,,8274,7.124795999989146,success,GNN
,,,,,,8029,6.349601900001289,success,GNN
,,,,,,7087,6.828481100004865,success,GNN
,,,,,,7716,6.726471099973423,success,GNN
,,,,,,8165,6.7414378999965265,success,GNN
,,,,,,8166,6.737264399998821,success,GNN
,,,,,,7802,6.28486799998791,success,GNN
,,,,,,8163,6.881655799981672,success,GNN
,,,,,,7938,6.092889400024433,success,GNN
,,,,,,8155,6.604118500021286,success,GNN
,,,,,,8060,6.33041019999655,success,GNN
,,,,,,7882,6.827283599996008,success,GNN
,,,,,,7708,6.7794327000156045,success,GNN
,,,,,,8216,7.578465400001733,success,GNN
,,,,,,8538,6.449003500019899,success,GNN
,,,,,,8140,7.046657300001243,success,GNN
,,,,,,8468,8.474585799995111,success,GNN
,,,,,,7919,8.203643900022143,success,GNN
,,,,,,9233,8.92570349999005,success,GNN
,,,,,,8405,8.515843000001041,success,GNN
,,,,,,4995,9.32938579999609,success,GNN
,,,,,,4676,9.223342400015099,success,GNN
,,,,,,4782,9.620174899988342,success,GNN
,,,,,,4620,9.77403790000244,success,GNN
,,,,,,4899,9.546431399998255,success,GNN
,,,,,,5137,9.866935300000478,success,GNN
,,,,,,4658,7.106171899999026,success,GNN
,,,,,,4631,7.494322200014722,success,GNN
,,,,,,4199,6.912363699986599,success,GNN
,,,,,,4864,7.552665700000944,success,GNN
,,,,,,4696,8.060238700010814,success,GNN
,,,,,,4346,6.549973299988778,success,GNN
,,,,,,4482,6.445609499991406,success,GNN
,,,,,,4790,6.762716199998977,success,GNN
,,,,,,4727,6.470578699983889,success,GNN
,,,,,,4649,7.077064399985829,success,GNN
,,,,,,4894,6.756814399996074,success,GNN
,,,,,,5408,6.575591900007566,success,GNN
,,,,,,4747,6.858286600006977,success,GNN
,,,,,,4599,8.422787599993171,success,GNN
,,,,,,4651,7.534638300014194,success,GNN
,,,,,,4851,6.67031010001665,success,GNN
,,,,,,4985,6.393537900003139,success,GNN
,,,,,,5616,5.928159300005063,success,GNN
,,,,,,4539,5.774270800000522,success,GNN
,,,,,,5152,6.167211699998006,success,GNN
,,,,,,5134,5.217709200020181,success,GNN
,,,,,,4597,5.102304300002288,success,GNN
,,,,,,4780,5.1515320999897085,success,GNN
,,,,,,4932,5.556106600008206,success,GNN
,,,,,,3568,1.0402264000149444,success,GNN
,,,,,,3641,1.0283926000120118,success,GNN
,,,,,,3382,1.0385620000015479,success,GNN
,,,,,,3901,1.102356499992311,success,GNN
,,,,,,3872,1.0400342000066303,success,GNN
,,,,,,3484,1.0156704999972135,success,GNN
,,,,,,3828,1.0541113000072073,success,GNN
,,,,,,3616,1.0567947000090498,success,GNN
,,,,,,3681,1.0407479999994393,success,GNN
,,,,,,4024,1.0472032999969088,success,GNN
,,,,,,3722,1.04421639998327,success,GNN
,,,,,,3567,1.0160948999982793,success,GNN
,,,,,,4090,1.0379434000060428,success,GNN
,,,,,,3396,1.0269712999870535,success,GNN
,,,,,,3699,1.0283045999822207,success,GNN
,,,,,,3870,1.0943799999949988,success,GNN
,,,,,,3689,1.0649791000178084,success,GNN
,,,,,,3799,1.0605775000003632,success,GNN
,,,,,,3758,1.0499310999875888,success,GNN
,,,,,,4179,1.049805299990112,success,GNN
,,,,,,3392,1.0285885999910533,success,GNN
,,,,,,3784,1.0517803999828175,success,GNN
,,,,,,3888,1.0702862999751233,success,GNN
,,,,,,3626,1.0482577000220772,success,GNN
,,,,,,3459,1.0669819999893662,success,GNN
,,,,,,3753,1.0570696000067983,success,GNN
,,,,,,4405,1.0777622000023257,success,GNN
,,,,,,3636,1.0796864000149071,success,GNN
,,,,,,4155,1.0437578999844845,success,GNN
,,,,,,3713,1.0261819000006653,success,GNN
,,,,,,1830,1.0247114000085276,success,GNN
,,,,,,1896,1.0317223999882117,success,GNN
,,,,,,2264,1.0305590000061784,success,GNN
,,,,,,2262,1.0202204000088386,success,GNN
,,,,,,2366,1.0664111000078265,success,GNN
,,,,,,2031,1.030553200020222,success,GNN
,,,,,,2080,1.0314091999898665,success,GNN
,,,,,,2126,1.058667900011642,success,GNN
,,,,,,2004,1.0227751999918837,success,GNN
,,,,,,2167,1.0680568999960087,success,GNN
,,,,,,2156,1.1337464000098407,success,GNN
,,,,,,2182,1.0160667999880388,success,GNN
,,,,,,2038,1.0240898000192828,success,GNN
,,,,,,2334,1.0313201999815647,success,GNN
,,,,,,2079,1.0246103999961633,success,GNN
,,,,,,2441,1.0593743000063114,success,GNN
,,,,,,2258,1.0865700999856927,success,GNN
,,,,,,2054,1.0168186000082642,success,GNN
,,,,,,1992,1.381472799985204,success,GNN
,,,,,,2100,1.3986518000019714,success,GNN
,,,,,,2446,1.3471773999917787,success,GNN
,,,,,,2196,1.095540800015442,success,GNN
,,,,,,2239,1.0845588000083808,success,GNN
,,,,,,1986,1.0116572999977507,success,GNN
,,,,,,2246,1.1734133000136353,success,GNN
,,,,,,2059,1.0673063000140246,success,GNN
,,,,,,2321,1.028050799999619,success,GNN
,,,,,,2599,1.0472448999935295,success,GNN
,,,,,,2087,1.031901200010907,success,GNN
,,,,,,2075,1.0187292000046,success,GNN
,,,,,,1201,1.060690100013744,success,GNN
,,,,,,1293,1.2872839999909047,success,GNN
,,,,,,1154,1.5757196999911685,success,GNN
,,,,,,1450,1.1110544000111986,success,GNN
,,,,,,1382,1.0914283999882173,success,GNN
,,,,,,1388,1.1637607000011485,success,GNN
,,,,,,1459,1.1114339000196196,success,GNN
,,,,,,1284,1.1829859999998007,success,GNN
,,,,,,1475,1.117318200005684,success,GNN
,,,,,,1254,1.0627126999897882,success,GNN
,,,,,,1285,1.2125599999853875,success,GNN
,,,,,,1438,1.0680372000206262,success,GNN
,,,,,,1551,1.08151699998416,success,GNN
,,,,,,1361,1.0624920999980532,success,GNN
,,,,,,1574,1.067112000018824,success,GNN
,,,,,,1087,1.0579343999852426,success,GNN
,,,,,,1383,1.0862038000195753,success,GNN
,,,,,,1353,1.0625932000111789,success,GNN
,,,,,,1323,1.0539732000033837,success,GNN
,,,,,,1293,1.0602993000065908,success,GNN
,,,,,,1390,1.1306560000230093,success,GNN
,,,,,,1729,1.2656513999972958,success,GNN
,,,,,,1228,1.0828392000112217,success,GNN
,,,,,,1304,1.0544738000025973,success,GNN
,,,,,,1352,1.0501154999947175,success,GNN
,,,,,,1200,1.0920750999939628,success,GNN
,,,,,,1199,1.0667285000090487,success,GNN
,,,,,,1294,1.0748520999914035,success,GNN
,,,,,,1228,1.0515914999996312,success,GNN
,,,,,,1358,1.0471971000079066,success,GNN
,,,,,,8028,2.5443004999833647,success,GNN
,,,,,,7330,2.641139999992447,success,GNN
,,,,,,7540,3.0009252000018023,success,GNN
,,,,,,8090,2.5306046000041533,success,GNN
,,,,,,7833,2.7038357999990694,success,GNN
,,,,,,7138,2.54386199999135,success,GNN
,,,,,,7776,2.6315850999963004,success,GNN
,,,,,,7371,2.5883402999897953,success,GNN
,,,,,,7878,2.8310675999964587,success,GNN
,,,,,,7827,2.53353290000814,success,GNN
,,,,,,7459,2.6772844000079203,success,GNN
,,,,,,7386,2.8034131999884266,success,GNN
,,,,,,7764,2.596347799990326,success,GNN
,,,,,,7310,2.511437399982242,success,GNN
,,,,,,7564,2.5605677000130527,success,GNN
,,,,,,7430,2.659754200023599,success,GNN
,,,,,,7253,2.7404897999949753,success,GNN
,,,,,,7415,2.6751713000121526,success,GNN
,,,,,,7766,2.637349399999948,success,GNN
,,,,,,7344,2.610785400000168,success,GNN
,,,,,,7597,2.602624299994204,success,GNN
,,,,,,8128,2.5180695000162814,success,GNN
,,,,,,8179,2.5374043000047095,success,GNN
,,,,,,8202,2.545002900005784,success,GNN
,,,,,,7732,2.6895437000202946,success,GNN
,,,,,,7969,2.5054021999822,success,GNN
,,,,,,8994,2.5192318000190426,success,GNN
,,,,,,8117,2.574026899994351,success,GNN
,,,,,,8311,2.6312752999947406,success,GNN
,,,,,,7669,2.537289600004442,success,GNN
,,,,,,3982,3.158733799995389,success,GNN
,,,,,,5290,2.528508099989267,success,GNN
,,,,,,4428,2.5208880999998655,success,GNN
,,,,,,4782,2.5235754000023007,success,GNN
,,,,,,4477,2.5309026000031736,success,GNN
,,,,,,4213,2.483057600009488,success,GNN
,,,,,,4342,3.0319439000159036,success,GNN
,,,,,,4363,2.5545047000050545,success,GNN
,,,,,,4826,2.4818517999956384,success,GNN
,,,,,,4667,2.532928200002061,success,GNN
,,,,,,4454,2.9784354000003077,success,GNN
,,,,,,4345,2.472936700010905,success,GNN
,,,,,,4241,2.6650859999936074,success,GNN
,,,,,,4566,2.5851582999748643,success,GNN
,,,,,,4369,2.4952245999884326,success,GNN
,,,,,,4001,2.464887500012992,success,GNN
,,,,,,5116,2.794893199985381,success,GNN
,,,,,,4056,2.567157799989218,success,GNN
,,,,,,4199,2.475471599987941,success,GNN
,,,,,,4453,2.5008894999918994,success,GNN
,,,,,,4542,2.789478099992266,success,GNN
,,,,,,4112,2.7404546000179835,success,GNN
,,,,,,4564,2.6016742999781854,success,GNN
,,,,,,4397,2.5654225000180304,success,GNN
,,,,,,4288,2.5404616000014357,success,GNN
,,,,,,4258,2.479799099994125,success,GNN
,,,,,,4210,2.510460999998031,success,GNN
,,,,,,4007,2.524447300005704,success,GNN
,,,,,,4063,2.4889633000129834,success,GNN
,,,,,,4871,2.5435589000117034,success,GNN
,,,,,,2694,2.542087999987416,success,GNN
,,,,,,2758,2.5497374999977183,success,GNN
,,,,,,2578,2.5262486999854445,success,GNN
,,,,,,2592,2.5509256000223104,success,GNN
,,,,,,2715,2.695904899999732,success,GNN
,,,,,,3056,2.5229018999962136,success,GNN
,,,,,,2612,2.511361199984094,success,GNN
,,,,,,2780,2.600762100017164,success,GNN
,,,,,,2527,2.4961507999978494,success,GNN
,,,,,,2944,2.5905268999922555,success,GNN
,,,,,,2696,4.534425999998348,success,GNN
,,,,,,2484,2.552822899975581,success,GNN
,,,,,,2582,2.5811068000039086,success,GNN
,,,,,,3122,2.528565400018124,success,GNN
,,,,,,2736,3.1187105999852065,success,GNN
,,,,,,2708,3.218523899995489,success,GNN
,,,,,,2791,2.588417999999365,success,GNN
,,,,,,2647,2.638115200010361,success,GNN
,,,,,,2744,2.530094599991571,success,GNN
,,,,,,2801,2.4742976000125054,success,GNN
,,,,,,2389,2.6296040999877732,success,GNN
,,,,,,2634,2.593516599998111,success,GNN
,,,,,,2522,2.5503983000235166,success,GNN
,,,,,,2771,2.5342291000124533,success,GNN
,,,,,,2693,2.522499799990328,success,GNN
,,,,,,2586,2.515915500000119,success,GNN
,,,,,,2576,2.5487144999788143,success,GNN
,,,,,,2587,2.7871536999882665,success,GNN
,,,,,,2723,2.633560000016587,success,GNN
,,,,,,2878,2.4936137000040617,success,GNN
,,,,,,11924,4.551055399992038,success,GNN
,,,,,,11652,4.766845899983309,success,GNN
,,,,,,12519,4.46879430001718,success,GNN
,,,,,,12386,4.517413199995644,success,GNN
,,,,,,11442,4.5674668999854475,success,GNN
,,,,,,11740,4.505895900016185,success,GNN
,,,,,,11614,4.450480200001039,success,GNN
,,,,,,11816,4.5905918999924324,success,GNN
,,,,,,11787,4.933173400000669,success,GNN
,,,,,,11492,4.52930870000273,success,GNN
,,,,,,12074,4.439612499991199,success,GNN
,,,,,,12211,4.553049299982376,success,GNN
,,,,,,10940,4.509605400002329,success,GNN
,,,,,,11704,4.4333161000104155,success,GNN
,,,,,,11218,4.630696199979866,success,GNN
,,,,,,11439,4.48231650001253,success,GNN
,,,,,,11191,4.70200710001518,success,GNN
,,,,,,11637,4.6630135999876074,success,GNN
,,,,,,12021,4.696974099992076,success,GNN
,,,,,,12108,4.637218699994264,success,GNN
,,,,,,11953,4.666521599981934,success,GNN
,,,,,,11497,4.542728800006444,success,GNN
,,,,,,12078,4.555658400000539,success,GNN
,,,,,,11714,4.5984411999816075,success,GNN
,,,,,,12072,4.570847099996172,success,GNN
,,,,,,11725,4.513972300017485,success,GNN
,,,,,,11545,5.007225400011521,success,GNN
,,,,,,12167,5.208495300001232,success,GNN
,,,,,,10982,4.44370910001453,success,GNN
,,,,,,11753,4.5280109999876,success,GNN
,,,,,,6805,4.440473700000439,success,GNN
,,,,,,6333,4.486736699996982,success,GNN
,,,,,,6728,4.47024429999874,success,GNN
,,,,,,7160,4.389806100021815,success,GNN
,,,,,,6216,4.399213600001531,success,GNN
,,,,,,6779,4.436554700019769,success,GNN
,,,,,,6896,4.565908999997191,success,GNN
,,,,,,6516,4.438281699985964,success,GNN
,,,,,,7037,4.4529876000015065,success,GNN
,,,,,,6839,4.444138399994699,success,GNN
,,,,,,6897,4.4208788000105415,success,GNN
,,,,,,7462,4.473142999981064,success,GNN
,,,,,,6666,4.495295800006716,success,GNN
,,,,,,6893,4.435112899984233,success,GNN
,,,,,,6469,4.457020400004694,success,GNN
,,,,,,7634,4.945926400017925,success,GNN
,,,,,,6833,4.578291999991052,success,GNN
,,,,,,6313,4.405866699991748,success,GNN
,,,,,,6486,4.462675799994031,success,GNN
,,,,,,6323,4.36315290001221,success,GNN
,,,,,,6746,4.497850400017342,success,GNN
,,,,,,6572,4.528581499995198,success,GNN
,,,,,,6869,4.845391999988351,success,GNN
,,,,,,6112,6.618573500018101,success,GNN
,,,,,,6951,4.953144700004486,success,GNN
,,,,,,6275,4.828114000003552,success,GNN
,,,,,,6423,4.6209548999904655,success,GNN
,,,,,,7400,4.649185000016587,success,GNN
,,,,,,7207,4.6188412999908905,success,GNN
,,,,,,6689,4.669251299987081,success,GNN
,,,,,,4394,4.6120150000206195,success,GNN
,,,,,,3645,4.59820020000916,success,GNN
,,,,,,4087,4.561569799989229,success,GNN
,,,,,,4310,4.685252700001001,success,GNN
,,,,,,3796,5.133290400000988,success,GNN
,,,,,,4028,4.537324400007492,success,GNN
,,,,,,4372,4.907115200010594,success,GNN
,,,,,,3703,4.655872499977704,success,GNN
,,,,,,3858,4.744402700016508,success,GNN
,,,,,,4341,4.657787800009828,success,GNN
,,,,,,3922,4.755956299981335,success,GNN
,,,,,,3901,4.618306600023061,success,GNN
,,,,,,4079,4.65646719999495,success,GNN
,,,,,,3539,4.653383800003212,success,GNN
,,,,,,3699,4.623636799980886,success,GNN
,,,,,,3812,4.677779199992074,success,GNN
,,,,,,4239,5.71983009998803,success,GNN
,,,,,,3294,4.824664000014309,success,GNN
,,,,,,4081,4.659206599986646,success,GNN
,,,,,,3982,4.928730000014184,success,GNN
,,,,,,3848,4.698099600005662,success,GNN
,,,,,,3686,4.682229400001233,success,GNN
,,,,,,3614,4.655860300001223,success,GNN
,,,,,,3686,5.398348099988652,success,GNN
,,,,,,4023,5.0450848000182305,success,GNN
,,,,,,3979,4.6808972999861,success,GNN
,,,,,,3829,4.665248600009363,success,GNN
,,,,,,3744,4.570023400010541,success,GNN
,,,,,,3882,4.71448870000313,success,GNN
,,,,,,3518,4.714536600018619,success,GNN
,,,,,,16162,7.18418529999326,success,GNN
,,,,,,15315,7.460627499996917,success,GNN
,,,,,,16686,7.480967399984365,success,GNN
,,,,,,15479,7.315316399995936,success,GNN
,,,,,,16253,7.1666679000190925,success,GNN
,,,,,,16498,7.127541200025007,success,GNN
,,,,,,15849,7.487126400024863,success,GNN
,,,,,,15736,7.539337200025329,success,GNN
,,,,,,15447,7.05662110002595,success,GNN
,,,,,,15648,7.658770499983802,success,GNN
,,,,,,17251,7.206733500002883,success,GNN
,,,,,,15726,7.124679399974411,success,GNN
,,,,,,16737,7.741315000021132,success,GNN
,,,,,,17227,7.092568799998844,success,GNN
,,,,,,15894,7.226125399989542,success,GNN
,,,,,,15241,7.248567000002367,success,GNN
,,,,,,15640,7.149836700002197,success,GNN
,,,,,,16097,7.344482199987397,success,GNN
,,,,,,15210,7.05804210001952,success,GNN
,,,,,,15146,7.185608100000536,success,GNN
,,,,,,16188,7.083699799986789,success,GNN
,,,,,,15559,7.065452600014396,success,GNN
,,,,,,15842,7.625406400009524,success,GNN
,,,,,,15560,7.246798500011209,success,GNN
,,,,,,15431,7.348885200015502,success,GNN
,,,,,,15751,7.558048599981703,success,GNN
,,,,,,16579,7.1510537000140175,success,GNN
,,,,,,16209,7.302282499993453,success,GNN
,,,,,,16438,7.255082499992568,success,GNN
,,,,,,16519,7.200356600020314,success,GNN
,,,,,,9469,7.589044200023636,success,GNN
,,,,,,8735,7.014192099974025,success,GNN
,,,,,,8959,7.037501299986616,success,GNN
,,,,,,8653,6.928294999990612,success,GNN
,,,,,,9675,7.122513999987859,success,GNN
,,,,,,9356,7.585512999998173,success,GNN
,,,,,,8552,7.392454100016039,success,GNN
,,,,,,9696,7.4475146000040695,success,GNN
,,,,,,9395,7.0133169000037014,success,GNN
,,,,,,9048,7.060668100020848,success,GNN
,,,,,,8613,7.034197999979369,success,GNN
,,,,,,8362,7.2526281000173185,success,GNN
,,,,,,8885,7.119200199987972,success,GNN
,,,,,,8939,7.235303499997826,success,GNN
,,,,,,9363,7.738078399997903,success,GNN
,,,,,,9812,7.149599500000477,success,GNN
,,,,,,8955,7.021593099983875,success,GNN
,,,,,,9066,6.875371800007997,success,GNN
,,,,,,9401,6.967532600014238,success,GNN
,,,,,,8888,7.595129099994665,success,GNN
,,,,,,8932,7.259241899999324,success,GNN
,,,,,,9622,6.949928099988028,success,GNN
,,,,,,8589,7.741414099989925,success,GNN
,,,,,,8739,6.97954369999934,success,GNN
,,,,,,8984,7.028443899995182,success,GNN
,,,,,,8838,6.8624542000179645,success,GNN
,,,,,,8672,7.052861300006043,success,GNN
,,,,,,9373,7.06097759999102,success,GNN
,,,,,,8719,6.923126899986528,success,GNN
,,,,,,9205,7.022668999998132,success,GNN
,,,,,,5455,7.156313400017098,success,GNN
,,,,,,5209,6.971934699977282,success,GNN
,,,,,,6292,7.471939700015355,success,GNN
,,,,,,5243,7.109912800020538,success,GNN
,,,,,,5653,6.964826599985827,success,GNN
,,,,,,5777,7.0382618000148796,success,GNN
,,,,,,4781,7.390141699986998,success,GNN
,,,,,,5001,7.107746800000314,success,GNN
,,,,,,5642,7.052569599996787,success,GNN
,,,,,,5402,7.099258300004294,success,GNN
,,,,,,5252,7.09977319999598,success,GNN
,,,,,,5583,7.1710519999905955,success,GNN
,,,,,,5171,7.2349309000128414,success,GNN
,,,,,,5384,6.856499000015901,success,GNN
,,,,,,5542,7.396688000007998,success,GNN
,,,,,,5505,7.3903673000168055,success,GNN
,,,,,,4945,7.728781199984951,success,GNN
,,,,,,5332,7.132536199991591,success,GNN
,,,,,,5341,7.035792600014247,success,GNN
,,,,,,6168,7.442123399989214,success,GNN
,,,,,,5260,7.927106300019659,success,GNN
,,,,,,4993,7.207926799979759,success,GNN
,,,,,,5624,6.97576349999872,success,GNN
,,,,,,5376,7.3451279000146315,success,GNN
,,,,,,5342,7.153599000012036,success,GNN
,,,,,,5603,7.105805200000759,success,GNN
,,,,,,5504,6.980827399995178,success,GNN
,,,,,,5217,7.217204699991271,success,GNN
,,,,,,6007,7.174995700013824,success,GNN
,,,,,,6196,7.710091499990085,success,GNN
,,,,,,20698,10.506625600013649,success,GNN
,,,,,,19852,10.565934200014453,success,GNN
,,,,,,20702,10.2733559999906,success,GNN
,,,,,,18913,10.198684200004209,success,GNN
,,,,,,19873,10.13205640000524,success,GNN
,,,,,,20918,10.282263800007058,success,GNN
,,,,,,19975,10.341823900002055,success,GNN
,,,,,,19609,10.297095799993258,success,GNN
,,,,,,19598,10.14595159998862,success,GNN
,,,,,,20542,10.132868100015912,success,GNN
,,,,,,20296,10.866065100010019,success,GNN
,,,,,,19758,10.101315599982627,success,GNN
,,,,,,20271,10.178545700007817,success,GNN
,,,,,,18983,10.225349499989534,success,GNN
,,,,,,20097,10.25983009999618,success,GNN
,,,,,,20776,10.18688709998969,success,GNN
,,,,,,20794,10.219362100004219,success,GNN
,,,,,,21149,10.165615699981572,success,GNN
,,,,,,20050,10.234530700021423,success,GNN
,,,,,,19689,10.347442199999932,success,GNN
,,,,,,19207,10.329656300018542,success,GNN
,,,,,,20005,11.057898300001398,success,GNN
,,,,,,22077,10.525179299991578,success,GNN
,,,,,,20270,10.176686499995412,success,GNN
,,,,,,19586,10.531411899981322,success,GNN
,,,,,,18935,10.326572399993893,success,GNN
,,,,,,19685,10.322395900002448,success,GNN
,,,,,,20721,10.479068199987523,success,GNN
,,,,,,20084,10.270186800014926,success,GNN
,,,,,,20284,10.276227199996356,success,GNN
,,,,,,10970,10.253489399998216,success,GNN
,,,,,,10599,10.852222200017422,success,GNN
,,,,,,10536,10.221817199984798,success,GNN
,,,,,,10931,9.923297999979695,success,GNN
,,,,,,10499,10.18289610001375,success,GNN
,,,,,,11493,9.914491499977885,success,GNN
,,,,,,10933,10.900759500014829,success,GNN
,,,,,,11081,10.27166009999928,success,GNN
,,,,,,11236,10.07274669999606,success,GNN
,,,,,,11272,10.100253200012958,success,GNN
,,,,,,11844,9.961539500014624,success,GNN
,,,,,,11007,9.933646699995734,success,GNN
,,,,,,11725,10.488264599989634,success,GNN
,,,,,,11464,9.959639499982586,success,GNN
,,,,,,11948,9.964932499977294,success,GNN
,,,,,,10716,10.361348599981284,success,GNN
,,,,,,11094,9.847356699989177,success,GNN
,,,,,,10914,10.133538299996872,success,GNN
,,,,,,10902,10.239383000007365,success,GNN
,,,,,,11331,10.156820400006836,success,GNN
,,,,,,11342,10.761290800001007,success,GNN
,,,,,,11591,10.747186900000088,success,GNN
,,,,,,11741,9.99492110000574,success,GNN
,,,,,,11501,10.854820300010033,success,GNN
,,,,,,10700,10.115425399999367,success,GNN
,,,,,,11112,11.024168800009647,success,GNN
,,,,,,12599,10.040002800000366,success,GNN
,,,,,,11624,9.924134999979287,success,GNN
,,,,,,10947,10.601100600004429,success,GNN
,,,,,,11709,10.008012800011784,success,GNN
,,,,,,6254,10.367942299984861,success,GNN
,,,,,,6169,10.571396100014681,success,GNN
,,,,,,6419,10.109842100006063,success,GNN
,,,,,,6367,10.436445699975593,success,GNN
,,,,,,6148,10.040329499985091,success,GNN
,,,,,,6360,10.322966500010807,success,GNN
,,,,,,6789,10.296571499988204,success,GNN
,,,,,,6206,9.942323499999475,success,GNN
,,,,,,6277,10.200406300020404,success,GNN
,,,,,,6499,9.925115999998525,success,GNN
,,,,,,6429,9.796062999987043,success,GNN
,,,,,,6829,10.50096800000756,success,GNN
,,,,,,6570,10.150847200013231,success,GNN
,,,,,,6776,9.852813200006494,success,GNN
,,,,,,6312,10.637566199991852,success,GNN
,,,,,,6439,9.968397499993443,success,GNN
,,,,,,6570,10.099605399998836,success,GNN
,,,,,,6680,10.20139250002103,success,GNN
,,,,,,6333,10.951902500004508,success,GNN
,,,,,,6967,11.555438299983507,success,GNN
,,,,,,6095,10.24898810000741,success,GNN
,,,,,,6530,10.028459499997552,success,GNN
,,,,,,6950,10.043541899998672,success,GNN
,,,,,,6132,10.049261699983617,success,GNN
,,,,,,7017,10.389917599997716,success,GNN
,,,,,,6446,10.256403100007446,success,GNN
,,,,,,6696,10.145707999996375,success,GNN
,,,,,,7151,9.994482000009157,success,GNN
,,,,,,6465,10.092481400002725,success,GNN
,,,,,,6046,10.20796979998704,success,GNN
